"","PAT_ZIP_5CHAR","CITY","STABR","COUNTY_FIPS","COUNTY_NAME"
"1","73960","Texhoma","TX","48421","Sherman"
"2","75001","Addison","TX","48113","Dallas"
"3","75002","Allen","TX","48085","Collin"
"4","75006","Carrollton","TX","48113","Dallas"
"5","75007","Carrollton","TX","48121","Denton"
"6","75009","Celina","TX","48085","Collin"
"7","75010","Carrollton","TX","48121","Denton"
"8","75013","Allen","TX","48085","Collin"
"9","75019","Coppell","TX","48113","Dallas"
"10","75020","Denison","TX","48181","Grayson"
"11","75021","Denison","TX","48181","Grayson"
"12","75022","Flower Mound","TX","48121","Denton"
"13","75023","Plano","TX","48085","Collin"
"14","75024","Plano","TX","48085","Collin"
"15","75025","Plano","TX","48085","Collin"
"16","75028","Flower Mound","TX","48121","Denton"
"17","75032","Rockwall","TX","48397","Rockwall"
"18","75033","Frisco","TX","48121","Denton"
"19","75034","Frisco","TX","48085","Collin"
"20","75035","Frisco","TX","48085","Collin"
"21","75036","Frisco","TX","48121","Denton"
"22","75038","Irving","TX","48113","Dallas"
"23","75039","Irving","TX","48113","Dallas"
"24","75040","Garland","TX","48113","Dallas"
"25","75041","Garland","TX","48113","Dallas"
"26","75042","Garland","TX","48113","Dallas"
"27","75043","Garland","TX","48113","Dallas"
"28","75044","Garland","TX","48113","Dallas"
"29","75048","Sachse","TX","48113","Dallas"
"30","75050","Grand Prairie","TX","48113","Dallas"
"31","75051","Grand Prairie","TX","48113","Dallas"
"32","75052","Grand Prairie","TX","48113","Dallas"
"33","75054","Grand Prairie","TX","48113","Dallas"
"34","75056","The Colony","TX","48121","Denton"
"35","75057","Lewisville","TX","48121","Denton"
"36","75058","Gunter","TX","48181","Grayson"
"37","75060","Irving","TX","48113","Dallas"
"38","75061","Irving","TX","48113","Dallas"
"39","75062","Irving","TX","48113","Dallas"
"40","75063","Irving","TX","48113","Dallas"
"41","75065","Lake Dallas","TX","48121","Denton"
"42","75067","Lewisville","TX","48121","Denton"
"43","75068","Little Elm","TX","48121","Denton"
"44","75069","Mckinney","TX","48085","Collin"
"45","75070","Mckinney","TX","48085","Collin"
"46","75071","Mckinney","TX","48085","Collin"
"47","75072","Mckinney","TX","48085","Collin"
"48","75074","Plano","TX","48085","Collin"
"49","75075","Plano","TX","48085","Collin"
"50","75076","Pottsboro","TX","48181","Grayson"
"51","75077","Lewisville","TX","48121","Denton"
"52","75078","Prosper","TX","48085","Collin"
"53","75080","Richardson","TX","48113","Dallas"
"54","75081","Richardson","TX","48113","Dallas"
"55","75082","Richardson","TX","48085","Collin"
"56","75087","Rockwall","TX","48397","Rockwall"
"57","75088","Rowlett","TX","48113","Dallas"
"58","75089","Rowlett","TX","48113","Dallas"
"59","75090","Sherman","TX","48181","Grayson"
"60","75092","Sherman","TX","48181","Grayson"
"61","75093","Plano","TX","48085","Collin"
"62","75094","Plano","TX","48085","Collin"
"63","75098","Wylie","TX","48085","Collin"
"64","75101","Bardwell","TX","48139","Ellis"
"65","75102","Barry","TX","48349","Navarro"
"66","75103","Canton","TX","48467","Van Zandt"
"67","75104","Cedar Hill","TX","48113","Dallas"
"68","75105","Chatfield","TX","48349","Navarro"
"69","75109","Corsicana","TX","48349","Navarro"
"70","75110","Corsicana","TX","48349","Navarro"
"71","75114","Crandall","TX","48257","Kaufman"
"72","75115","Desoto","TX","48113","Dallas"
"73","75116","Duncanville","TX","48113","Dallas"
"74","75117","Edgewood","TX","48467","Van Zandt"
"75","75119","Ennis","TX","48139","Ellis"
"76","75124","Eustace","TX","48213","Henderson"
"77","75125","Ferris","TX","48139","Ellis"
"78","75126","Forney","TX","48257","Kaufman"
"79","75127","Fruitvale","TX","48467","Van Zandt"
"80","75132","Fate","TX","48397","Rockwall"
"81","75134","Lancaster","TX","48113","Dallas"
"82","75135","Caddo Mills","TX","48231","Hunt"
"83","75137","Duncanville","TX","48113","Dallas"
"84","75140","Grand Saline","TX","48467","Van Zandt"
"85","75141","Hutchins","TX","48113","Dallas"
"86","75142","Kaufman","TX","48257","Kaufman"
"87","75143","Kemp","TX","48257","Kaufman"
"88","75144","Kerens","TX","48349","Navarro"
"89","75146","Lancaster","TX","48113","Dallas"
"90","75147","Mabank","TX","48467","Van Zandt"
"91","75148","Malakoff","TX","48213","Henderson"
"92","75149","Mesquite","TX","48113","Dallas"
"93","75150","Mesquite","TX","48113","Dallas"
"94","75152","Palmer","TX","48139","Ellis"
"95","75153","Powell","TX","48349","Navarro"
"96","75154","Red Oak","TX","48139","Ellis"
"97","75155","Rice","TX","48349","Navarro"
"98","75156","Mabank","TX","48213","Henderson"
"99","75157","Rosser","TX","48257","Kaufman"
"100","75158","Scurry","TX","48257","Kaufman"
"101","75159","Seagoville","TX","48113","Dallas"
"102","75160","Terrell","TX","48257","Kaufman"
"103","75161","Terrell","TX","48257","Kaufman"
"104","75163","Trinidad","TX","48213","Henderson"
"105","75164","Josephine","TX","48085","Collin"
"106","75165","Waxahachie","TX","48139","Ellis"
"107","75166","Lavon","TX","48085","Collin"
"108","75167","Waxahachie","TX","48139","Ellis"
"109","75169","Wills Point","TX","48467","Van Zandt"
"110","75172","Wilmer","TX","48113","Dallas"
"111","75173","Nevada","TX","48085","Collin"
"112","75180","Balch Springs","TX","48113","Dallas"
"113","75181","Mesquite","TX","48113","Dallas"
"114","75182","Sunnyvale","TX","48113","Dallas"
"115","75189","Royse City","TX","48397","Rockwall"
"116","75201","Dallas","TX","48113","Dallas"
"117","75202","Dallas","TX","48113","Dallas"
"118","75203","Dallas","TX","48113","Dallas"
"119","75204","Dallas","TX","48113","Dallas"
"120","75205","Dallas","TX","48113","Dallas"
"121","75206","Dallas","TX","48113","Dallas"
"122","75207","Dallas","TX","48113","Dallas"
"123","75208","Dallas","TX","48113","Dallas"
"124","75209","Dallas","TX","48113","Dallas"
"125","75210","Dallas","TX","48113","Dallas"
"126","75211","Dallas","TX","48113","Dallas"
"127","75212","Dallas","TX","48113","Dallas"
"128","75214","Dallas","TX","48113","Dallas"
"129","75215","Dallas","TX","48113","Dallas"
"130","75216","Dallas","TX","48113","Dallas"
"131","75217","Dallas","TX","48113","Dallas"
"132","75218","Dallas","TX","48113","Dallas"
"133","75219","Dallas","TX","48113","Dallas"
"134","75220","Dallas","TX","48113","Dallas"
"135","75223","Dallas","TX","48113","Dallas"
"136","75224","Dallas","TX","48113","Dallas"
"137","75225","Dallas","TX","48113","Dallas"
"138","75226","Dallas","TX","48113","Dallas"
"139","75227","Dallas","TX","48113","Dallas"
"140","75228","Dallas","TX","48113","Dallas"
"141","75229","Dallas","TX","48113","Dallas"
"142","75230","Dallas","TX","48113","Dallas"
"143","75231","Dallas","TX","48113","Dallas"
"144","75232","Dallas","TX","48113","Dallas"
"145","75233","Dallas","TX","48113","Dallas"
"146","75234","Dallas","TX","48113","Dallas"
"147","75235","Dallas","TX","48113","Dallas"
"148","75236","Dallas","TX","48113","Dallas"
"149","75237","Dallas","TX","48113","Dallas"
"150","75238","Dallas","TX","48113","Dallas"
"151","75240","Dallas","TX","48113","Dallas"
"152","75241","Dallas","TX","48113","Dallas"
"153","75243","Dallas","TX","48113","Dallas"
"154","75244","Dallas","TX","48113","Dallas"
"155","75246","Dallas","TX","48113","Dallas"
"156","75247","Dallas","TX","48113","Dallas"
"157","75248","Dallas","TX","48113","Dallas"
"158","75249","Dallas","TX","48113","Dallas"
"159","75251","Dallas","TX","48113","Dallas"
"160","75252","Dallas","TX","48085","Collin"
"161","75253","Dallas","TX","48113","Dallas"
"162","75254","Dallas","TX","48113","Dallas"
"163","75261","Dallas","TX","48439","Tarrant"
"164","75270","Dallas","TX","48113","Dallas"
"165","75287","Dallas","TX","48085","Collin"
"166","75390","Dallas","TX","48113","Dallas"
"167","75401","Greenville","TX","48231","Hunt"
"168","75402","Greenville","TX","48231","Hunt"
"169","75407","Princeton","TX","48085","Collin"
"170","75409","Anna","TX","48085","Collin"
"171","75410","Alba","TX","48499","Wood"
"172","75411","Arthur City","TX","48277","Lamar"
"173","75412","Bagwell","TX","48387","Red River"
"174","75413","Bailey","TX","48147","Fannin"
"175","75414","Bells","TX","48181","Grayson"
"176","75415","Ben Franklin","TX","48119","Delta"
"177","75416","Blossom","TX","48277","Lamar"
"178","75417","Bogata","TX","48387","Red River"
"179","75418","Bonham","TX","48147","Fannin"
"180","75420","Brashear","TX","48223","Hopkins"
"181","75421","Brookston","TX","48277","Lamar"
"182","75422","Campbell","TX","48231","Hunt"
"183","75423","Celeste","TX","48231","Hunt"
"184","75424","Blue Ridge","TX","48085","Collin"
"185","75426","Clarksville","TX","48387","Red River"
"186","75428","Commerce","TX","48231","Hunt"
"187","75429","Commerce","TX","48231","Hunt"
"188","75431","Como","TX","48223","Hopkins"
"189","75432","Cooper","TX","48119","Delta"
"190","75433","Cumby","TX","48223","Hopkins"
"191","75434","Cunningham","TX","48277","Lamar"
"192","75435","Deport","TX","48277","Lamar"
"193","75436","Detroit","TX","48387","Red River"
"194","75437","Dike","TX","48223","Hopkins"
"195","75438","Dodd City","TX","48147","Fannin"
"196","75439","Ector","TX","48147","Fannin"
"197","75440","Emory","TX","48379","Rains"
"198","75441","Enloe","TX","48119","Delta"
"199","75442","Farmersville","TX","48085","Collin"
"200","75446","Honey Grove","TX","48147","Fannin"
"201","75447","Ivanhoe","TX","48147","Fannin"
"202","75448","Klondike","TX","48119","Delta"
"203","75449","Ladonia","TX","48147","Fannin"
"204","75450","Lake Creek","TX","48119","Delta"
"205","75451","Leesburg","TX","48063","Camp"
"206","75452","Leonard","TX","48147","Fannin"
"207","75453","Lone Oak","TX","48231","Hunt"
"208","75454","Melissa","TX","48085","Collin"
"209","75455","Mount Pleasant","TX","48449","Titus"
"210","75457","Mount Vernon","TX","48159","Franklin"
"211","75459","Howe","TX","48181","Grayson"
"212","75460","Paris","TX","48277","Lamar"
"213","75462","Paris","TX","48277","Lamar"
"214","75468","Pattonville","TX","48277","Lamar"
"215","75469","Pecan Gap","TX","48119","Delta"
"216","75470","Petty","TX","48277","Lamar"
"217","75471","Pickton","TX","48223","Hopkins"
"218","75472","Point","TX","48379","Rains"
"219","75473","Powderly","TX","48277","Lamar"
"220","75474","Quinlan","TX","48231","Hunt"
"221","75475","Randolph","TX","48147","Fannin"
"222","75476","Ravenna","TX","48147","Fannin"
"223","75477","Roxton","TX","48277","Lamar"
"224","75478","Saltillo","TX","48223","Hopkins"
"225","75479","Savoy","TX","48147","Fannin"
"226","75480","Scroggins","TX","48159","Franklin"
"227","75481","Sulphur Bluff","TX","48223","Hopkins"
"228","75482","Sulphur Springs","TX","48223","Hopkins"
"229","75486","Sumner","TX","48277","Lamar"
"230","75487","Talco","TX","48159","Franklin"
"231","75488","Telephone","TX","48147","Fannin"
"232","75489","Tom Bean","TX","48181","Grayson"
"233","75490","Trenton","TX","48147","Fannin"
"234","75491","Whitewright","TX","48181","Grayson"
"235","75492","Windom","TX","48147","Fannin"
"236","75493","Winfield","TX","48449","Titus"
"237","75494","Winnsboro","TX","48499","Wood"
"238","75495","Van Alstyne","TX","48181","Grayson"
"239","75496","Wolfe City","TX","48231","Hunt"
"240","75497","Yantis","TX","48499","Wood"
"241","75501","Texarkana","TX","48037","Bowie"
"242","75503","Texarkana","TX","48037","Bowie"
"243","75550","Annona","TX","48387","Red River"
"244","75551","Atlanta","TX","48067","Cass"
"245","75554","Avery","TX","48387","Red River"
"246","75555","Bivins","TX","48067","Cass"
"247","75556","Bloomburg","TX","48067","Cass"
"248","75558","Cookville","TX","48449","Titus"
"249","75559","De Kalb","TX","48037","Bowie"
"250","75560","Douglassville","TX","48067","Cass"
"251","75561","Hooks","TX","48037","Bowie"
"252","75562","Kildare","TX","48067","Cass"
"253","75563","Linden","TX","48067","Cass"
"254","75564","Lodi","TX","48067","Cass"
"255","75565","McLeod","TX","48067","Cass"
"256","75566","Marietta","TX","48067","Cass"
"257","75567","Maud","TX","48037","Bowie"
"258","75568","Naples","TX","48067","Cass"
"259","75569","Nash","TX","48037","Bowie"
"260","75570","New Boston","TX","48037","Bowie"
"261","75571","Omaha","TX","48343","Morris"
"262","75572","Queen City","TX","48067","Cass"
"263","75573","Redwater","TX","48037","Bowie"
"264","75574","Simms","TX","48037","Bowie"
"265","75601","Longview","TX","48183","Gregg"
"266","75602","Longview","TX","48203","Harrison"
"267","75603","Longview","TX","48183","Gregg"
"268","75604","Longview","TX","48183","Gregg"
"269","75605","Longview","TX","48183","Gregg"
"270","75630","Avinger","TX","48067","Cass"
"271","75631","Beckville","TX","48365","Panola"
"272","75633","Carthage","TX","48365","Panola"
"273","75638","Daingerfield","TX","48343","Morris"
"274","75639","De Berry","TX","48365","Panola"
"275","75640","Diana","TX","48203","Harrison"
"276","75641","Easton","TX","48401","Rusk"
"277","75642","Elysian Fields","TX","48365","Panola"
"278","75643","Gary","TX","48365","Panola"
"279","75644","Gilmer","TX","48459","Upshur"
"280","75645","Gilmer","TX","48459","Upshur"
"281","75647","Gladewater","TX","48183","Gregg"
"282","75650","Hallsville","TX","48203","Harrison"
"283","75651","Harleton","TX","48203","Harrison"
"284","75652","Henderson","TX","48401","Rusk"
"285","75654","Henderson","TX","48401","Rusk"
"286","75656","Hughes Springs","TX","48067","Cass"
"287","75657","Jefferson","TX","48315","Marion"
"288","75658","Joinerville","TX","48401","Rusk"
"289","75659","Jonesville","TX","48203","Harrison"
"290","75661","Karnack","TX","48203","Harrison"
"291","75662","Kilgore","TX","48183","Gregg"
"292","75667","Laneville","TX","48401","Rusk"
"293","75668","Lone Star","TX","48343","Morris"
"294","75669","Long Branch","TX","48365","Panola"
"295","75670","Marshall","TX","48203","Harrison"
"296","75671","Marshall","TX","48203","Harrison"
"297","75672","Marshall","TX","48203","Harrison"
"298","75680","Minden","TX","48401","Rusk"
"299","75681","Mount Enterprise","TX","48401","Rusk"
"300","75682","New London","TX","48401","Rusk"
"301","75683","Ore City","TX","48459","Upshur"
"302","75684","Overton","TX","48401","Rusk"
"303","75686","Pittsburg","TX","48063","Camp"
"304","75687","Price","TX","48401","Rusk"
"305","75689","Selman City","TX","48401","Rusk"
"306","75691","Tatum","TX","48401","Rusk"
"307","75692","Waskom","TX","48203","Harrison"
"308","75693","White Oak","TX","48183","Gregg"
"309","75694","Woodlawn","TX","48203","Harrison"
"310","75701","Tyler","TX","48423","Smith"
"311","75702","Tyler","TX","48423","Smith"
"312","75703","Tyler","TX","48423","Smith"
"313","75704","Tyler","TX","48423","Smith"
"314","75705","Tyler","TX","48423","Smith"
"315","75706","Tyler","TX","48423","Smith"
"316","75707","Tyler","TX","48423","Smith"
"317","75708","Tyler","TX","48423","Smith"
"318","75709","Tyler","TX","48423","Smith"
"319","75711","Tyler","TX","48423","Smith"
"320","75750","Arp","TX","48423","Smith"
"321","75751","Athens","TX","48213","Henderson"
"322","75752","Athens","TX","48213","Henderson"
"323","75754","Ben Wheeler","TX","48467","Van Zandt"
"324","75755","Big Sandy","TX","48459","Upshur"
"325","75756","Brownsboro","TX","48213","Henderson"
"326","75757","Bullard","TX","48073","Cherokee"
"327","75758","Chandler","TX","48213","Henderson"
"328","75759","Cuney","TX","48073","Cherokee"
"329","75760","Cushing","TX","48347","Nacogdoches"
"330","75762","Flint","TX","48423","Smith"
"331","75763","Frankston","TX","48001","Anderson"
"332","75764","Gallatin","TX","48073","Cherokee"
"333","75765","Hawkins","TX","48499","Wood"
"334","75766","Jacksonville","TX","48073","Cherokee"
"335","75770","Larue","TX","48213","Henderson"
"336","75771","Lindale","TX","48423","Smith"
"337","75773","Mineola","TX","48499","Wood"
"338","75778","Murchison","TX","48213","Henderson"
"339","75779","Neches","TX","48001","Anderson"
"340","75780","New Summerfield","TX","48073","Cherokee"
"341","75782","Poynor","TX","48213","Henderson"
"342","75783","Quitman","TX","48499","Wood"
"343","75784","Reklaw","TX","48401","Rusk"
"344","75785","Rusk","TX","48073","Cherokee"
"345","75788","Sacul","TX","48347","Nacogdoches"
"346","75789","Troup","TX","48073","Cherokee"
"347","75790","Van","TX","48467","Van Zandt"
"348","75791","Whitehouse","TX","48423","Smith"
"349","75792","Winona","TX","48423","Smith"
"350","75801","Palestine","TX","48001","Anderson"
"351","75803","Palestine","TX","48001","Anderson"
"352","75831","Buffalo","TX","48289","Leon"
"353","75833","Centerville","TX","48289","Leon"
"354","75835","Crockett","TX","48225","Houston"
"355","75838","Donie","TX","48161","Freestone"
"356","75839","Elkhart","TX","48001","Anderson"
"357","75840","Fairfield","TX","48161","Freestone"
"358","75844","Grapeland","TX","48225","Houston"
"359","75845","Groveton","TX","48455","Trinity"
"360","75846","Jewett","TX","48289","Leon"
"361","75847","Kennard","TX","48225","Houston"
"362","75848","Kirvin","TX","48161","Freestone"
"363","75849","Latexo","TX","48225","Houston"
"364","75850","Leona","TX","48289","Leon"
"365","75851","Lovelady","TX","48225","Houston"
"366","75852","Midway","TX","48313","Madison"
"367","75853","Montalba","TX","48001","Anderson"
"368","75855","Oakwood","TX","48289","Leon"
"369","75856","Pennington","TX","48225","Houston"
"370","75858","Ratcliff","TX","48225","Houston"
"371","75859","Streetman","TX","48161","Freestone"
"372","75860","Teague","TX","48161","Freestone"
"373","75861","Tennessee Colony","TX","48001","Anderson"
"374","75862","Trinity","TX","48455","Trinity"
"375","75865","Woodlake","TX","48455","Trinity"
"376","75884","Tennessee Colony","TX","48001","Anderson"
"377","75886","Tennessee Colony","TX","48001","Anderson"
"378","75901","Lufkin","TX","48005","Angelina"
"379","75903","Lufkin","TX","48005","Angelina"
"380","75904","Lufkin","TX","48005","Angelina"
"381","75925","Alto","TX","48073","Cherokee"
"382","75926","Apple Springs","TX","48455","Trinity"
"383","75928","Bon Wier","TX","48351","Newton"
"384","75929","Broaddus","TX","48405","San Augustine"
"385","75930","Bronson","TX","48405","San Augustine"
"386","75931","Brookeland","TX","48241","Jasper"
"387","75932","Burkeville","TX","48351","Newton"
"388","75933","Call","TX","48351","Newton"
"389","75934","Camden","TX","48373","Polk"
"390","75935","Center","TX","48419","Shelby"
"391","75936","Chester","TX","48457","Tyler"
"392","75937","Chireno","TX","48347","Nacogdoches"
"393","75938","Colmesneil","TX","48457","Tyler"
"394","75939","Corrigan","TX","48373","Polk"
"395","75941","Diboll","TX","48005","Angelina"
"396","75942","Doucette","TX","48457","Tyler"
"397","75943","Douglass","TX","48347","Nacogdoches"
"398","75944","Etoile","TX","48347","Nacogdoches"
"399","75946","Garrison","TX","48347","Nacogdoches"
"400","75948","Hemphill","TX","48403","Sabine"
"401","75949","Huntington","TX","48005","Angelina"
"402","75951","Jasper","TX","48241","Jasper"
"403","75954","Joaquin","TX","48419","Shelby"
"404","75956","Kirbyville","TX","48241","Jasper"
"405","75959","Milam","TX","48403","Sabine"
"406","75960","Moscow","TX","48373","Polk"
"407","75961","Nacogdoches","TX","48347","Nacogdoches"
"408","75962","Nacogdoches","TX","48347","Nacogdoches"
"409","75964","Nacogdoches","TX","48347","Nacogdoches"
"410","75965","Nacogdoches","TX","48347","Nacogdoches"
"411","75966","Newton","TX","48351","Newton"
"412","75968","Pineland","TX","48403","Sabine"
"413","75969","Pollok","TX","48005","Angelina"
"414","75972","San Augustine","TX","48405","San Augustine"
"415","75973","Shelbyville","TX","48419","Shelby"
"416","75974","Tenaha","TX","48419","Shelby"
"417","75975","Timpson","TX","48419","Shelby"
"418","75976","Wells","TX","48073","Cherokee"
"419","75977","Wiergate","TX","48351","Newton"
"420","75979","Woodville","TX","48457","Tyler"
"421","75980","Zavalla","TX","48005","Angelina"
"422","76001","Arlington","TX","48439","Tarrant"
"423","76002","Arlington","TX","48439","Tarrant"
"424","76005","Arlington","TX","48439","Tarrant"
"425","76006","Arlington","TX","48439","Tarrant"
"426","76008","Aledo","TX","48367","Parker"
"427","76009","Alvarado","TX","48251","Johnson"
"428","76010","Arlington","TX","48439","Tarrant"
"429","76011","Arlington","TX","48439","Tarrant"
"430","76012","Arlington","TX","48439","Tarrant"
"431","76013","Arlington","TX","48439","Tarrant"
"432","76014","Arlington","TX","48439","Tarrant"
"433","76015","Arlington","TX","48439","Tarrant"
"434","76016","Arlington","TX","48439","Tarrant"
"435","76017","Arlington","TX","48439","Tarrant"
"436","76018","Arlington","TX","48439","Tarrant"
"437","76020","Azle","TX","48367","Parker"
"438","76021","Bedford","TX","48439","Tarrant"
"439","76022","Bedford","TX","48439","Tarrant"
"440","76023","Boyd","TX","48497","Wise"
"441","76028","Burleson","TX","48251","Johnson"
"442","76031","Cleburne","TX","48251","Johnson"
"443","76033","Cleburne","TX","48251","Johnson"
"444","76034","Colleyville","TX","48439","Tarrant"
"445","76035","Cresson","TX","48367","Parker"
"446","76036","Crowley","TX","48439","Tarrant"
"447","76039","Euless","TX","48439","Tarrant"
"448","76040","Euless","TX","48439","Tarrant"
"449","76041","Forreston","TX","48139","Ellis"
"450","76043","Glen Rose","TX","48425","Somervell"
"451","76044","Godley","TX","48251","Johnson"
"452","76048","Granbury","TX","48221","Hood"
"453","76049","Granbury","TX","48221","Hood"
"454","76050","Grandview","TX","48251","Johnson"
"455","76051","Grapevine","TX","48439","Tarrant"
"456","76052","Haslet","TX","48439","Tarrant"
"457","76053","Hurst","TX","48439","Tarrant"
"458","76054","Hurst","TX","48439","Tarrant"
"459","76055","Itasca","TX","48217","Hill"
"460","76058","Joshua","TX","48251","Johnson"
"461","76059","Keene","TX","48251","Johnson"
"462","76060","Kennedale","TX","48439","Tarrant"
"463","76061","Lillian","TX","48251","Johnson"
"464","76063","Mansfield","TX","48439","Tarrant"
"465","76064","Maypearl","TX","48139","Ellis"
"466","76065","Midlothian","TX","48139","Ellis"
"467","76066","Millsap","TX","48367","Parker"
"468","76067","Mineral Wells","TX","48363","Palo Pinto"
"469","76070","Nemo","TX","48425","Somervell"
"470","76071","Newark","TX","48497","Wise"
"471","76073","Paradise","TX","48497","Wise"
"472","76077","Rainbow","TX","48425","Somervell"
"473","76078","Rhome","TX","48497","Wise"
"474","76082","Springtown","TX","48367","Parker"
"475","76084","Venus","TX","48251","Johnson"
"476","76085","Weatherford","TX","48367","Parker"
"477","76086","Weatherford","TX","48367","Parker"
"478","76087","Weatherford","TX","48367","Parker"
"479","76088","Weatherford","TX","48367","Parker"
"480","76092","Southlake","TX","48439","Tarrant"
"481","76093","Rio Vista","TX","48251","Johnson"
"482","76102","Fort Worth","TX","48439","Tarrant"
"483","76103","Fort Worth","TX","48439","Tarrant"
"484","76104","Fort Worth","TX","48439","Tarrant"
"485","76105","Fort Worth","TX","48439","Tarrant"
"486","76106","Fort Worth","TX","48439","Tarrant"
"487","76107","Fort Worth","TX","48439","Tarrant"
"488","76108","Fort Worth","TX","48439","Tarrant"
"489","76109","Fort Worth","TX","48439","Tarrant"
"490","76110","Fort Worth","TX","48439","Tarrant"
"491","76111","Fort Worth","TX","48439","Tarrant"
"492","76112","Fort Worth","TX","48439","Tarrant"
"493","76114","Fort Worth","TX","48439","Tarrant"
"494","76115","Fort Worth","TX","48439","Tarrant"
"495","76116","Fort Worth","TX","48439","Tarrant"
"496","76117","Haltom City","TX","48439","Tarrant"
"497","76118","Fort Worth","TX","48439","Tarrant"
"498","76119","Fort Worth","TX","48439","Tarrant"
"499","76120","Fort Worth","TX","48439","Tarrant"
"500","76123","Fort Worth","TX","48439","Tarrant"
"501","76126","Fort Worth","TX","48439","Tarrant"
"502","76127","Naval Air Station Jrb","TX","48439","Tarrant"
"503","76129","Fort Worth","TX","48439","Tarrant"
"504","76131","Fort Worth","TX","48439","Tarrant"
"505","76132","Fort Worth","TX","48439","Tarrant"
"506","76133","Fort Worth","TX","48439","Tarrant"
"507","76134","Fort Worth","TX","48439","Tarrant"
"508","76135","Fort Worth","TX","48439","Tarrant"
"509","76137","Fort Worth","TX","48439","Tarrant"
"510","76140","Fort Worth","TX","48439","Tarrant"
"511","76148","Fort Worth","TX","48439","Tarrant"
"512","76155","Fort Worth","TX","48439","Tarrant"
"513","76164","Fort Worth","TX","48439","Tarrant"
"514","76177","Fort Worth","TX","48439","Tarrant"
"515","76179","Fort Worth","TX","48439","Tarrant"
"516","76180","North Richland Hills","TX","48439","Tarrant"
"517","76182","North Richland Hills","TX","48439","Tarrant"
"518","76201","Denton","TX","48121","Denton"
"519","76203","Denton","TX","48121","Denton"
"520","76205","Denton","TX","48121","Denton"
"521","76207","Denton","TX","48121","Denton"
"522","76208","Denton","TX","48121","Denton"
"523","76209","Denton","TX","48121","Denton"
"524","76210","Denton","TX","48121","Denton"
"525","76225","Alvord","TX","48497","Wise"
"526","76226","Argyle","TX","48121","Denton"
"527","76227","Aubrey","TX","48121","Denton"
"528","76228","Bellevue","TX","48077","Clay"
"529","76230","Bowie","TX","48337","Montague"
"530","76233","Collinsville","TX","48181","Grayson"
"531","76234","Decatur","TX","48497","Wise"
"532","76238","Era","TX","48097","Cooke"
"533","76239","Forestburg","TX","48337","Montague"
"534","76240","Gainesville","TX","48097","Cooke"
"535","76241","Gainesville","TX","48097","Cooke"
"536","76244","Keller","TX","48439","Tarrant"
"537","76245","Gordonville","TX","48181","Grayson"
"538","76247","Justin","TX","48121","Denton"
"539","76248","Keller","TX","48439","Tarrant"
"540","76249","Krum","TX","48121","Denton"
"541","76250","Lindsay","TX","48097","Cooke"
"542","76251","Montague","TX","48337","Montague"
"543","76252","Muenster","TX","48097","Cooke"
"544","76253","Myra","TX","48097","Cooke"
"545","76255","Nocona","TX","48337","Montague"
"546","76258","Pilot Point","TX","48121","Denton"
"547","76259","Ponder","TX","48121","Denton"
"548","76261","Ringgold","TX","48337","Montague"
"549","76262","Roanoke","TX","48121","Denton"
"550","76263","Rosston","TX","48097","Cooke"
"551","76264","Sadler","TX","48181","Grayson"
"552","76265","Saint Jo","TX","48337","Montague"
"553","76266","Sanger","TX","48121","Denton"
"554","76267","Slidell","TX","48497","Wise"
"555","76268","Southmayd","TX","48181","Grayson"
"556","76270","Sunset","TX","48337","Montague"
"557","76271","Tioga","TX","48181","Grayson"
"558","76272","Valley View","TX","48097","Cooke"
"559","76273","Whitesboro","TX","48181","Grayson"
"560","76301","Wichita Falls","TX","48485","Wichita"
"561","76302","Wichita Falls","TX","48485","Wichita"
"562","76305","Wichita Falls","TX","48077","Clay"
"563","76306","Wichita Falls","TX","48485","Wichita"
"564","76308","Wichita Falls","TX","48485","Wichita"
"565","76309","Wichita Falls","TX","48485","Wichita"
"566","76310","Wichita Falls","TX","48009","Archer"
"567","76311","Sheppard Afb","TX","48485","Wichita"
"568","76351","Archer City","TX","48009","Archer"
"569","76354","Burkburnett","TX","48485","Wichita"
"570","76357","Byers","TX","48077","Clay"
"571","76360","Electra","TX","48485","Wichita"
"572","76363","Goree","TX","48275","Knox"
"573","76364","Harrold","TX","48487","Wilbarger"
"574","76365","Henrietta","TX","48077","Clay"
"575","76366","Holliday","TX","48009","Archer"
"576","76367","Iowa Park","TX","48485","Wichita"
"577","76370","Megargel","TX","48009","Archer"
"578","76371","Munday","TX","48275","Knox"
"579","76372","Newcastle","TX","48447","Throckmorton"
"580","76373","Oklaunion","TX","48487","Wilbarger"
"581","76374","Olney","TX","48503","Young"
"582","76377","Petrolia","TX","48077","Clay"
"583","76379","Scotland","TX","48009","Archer"
"584","76380","Seymour","TX","48023","Baylor"
"585","76384","Vernon","TX","48487","Wilbarger"
"586","76388","Weinert","TX","48207","Haskell"
"587","76389","Windthorst","TX","48009","Archer"
"588","76401","Stephenville","TX","48143","Erath"
"589","76402","Stephenville","TX","48143","Erath"
"590","76424","Breckenridge","TX","48429","Stephens"
"591","76426","Bridgeport","TX","48497","Wise"
"592","76427","Bryson","TX","48237","Jack"
"593","76429","Caddo","TX","48429","Stephens"
"594","76430","Albany","TX","48417","Shackelford"
"595","76431","Chico","TX","48497","Wise"
"596","76432","Blanket","TX","48049","Brown"
"597","76433","Bluff Dale","TX","48143","Erath"
"598","76435","Carbon","TX","48133","Eastland"
"599","76436","Carlton","TX","48093","Comanche"
"600","76437","Cisco","TX","48133","Eastland"
"601","76439","Dennis","TX","48367","Parker"
"602","76442","Comanche","TX","48093","Comanche"
"603","76443","Cross Plains","TX","48059","Callahan"
"604","76444","De Leon","TX","48093","Comanche"
"605","76445","Desdemona","TX","48133","Eastland"
"606","76446","Dublin","TX","48143","Erath"
"607","76448","Eastland","TX","48133","Eastland"
"608","76449","Graford","TX","48363","Palo Pinto"
"609","76450","Graham","TX","48503","Young"
"610","76452","Energy","TX","48093","Comanche"
"611","76453","Gordon","TX","48363","Palo Pinto"
"612","76454","Gorman","TX","48133","Eastland"
"613","76455","Gustine","TX","48093","Comanche"
"614","76457","Hico","TX","48193","Hamilton"
"615","76458","Jacksboro","TX","48237","Jack"
"616","76459","Jermyn","TX","48237","Jack"
"617","76460","Loving","TX","48503","Young"
"618","76462","Lipan","TX","48221","Hood"
"619","76463","Mingus","TX","48143","Erath"
"620","76464","Moran","TX","48417","Shackelford"
"621","76466","Olden","TX","48133","Eastland"
"622","76469","Putnam","TX","48059","Callahan"
"623","76470","Ranger","TX","48133","Eastland"
"624","76471","Rising Star","TX","48133","Eastland"
"625","76472","Santo","TX","48363","Palo Pinto"
"626","76474","Sidney","TX","48093","Comanche"
"627","76475","Strawn","TX","48363","Palo Pinto"
"628","76476","Tolar","TX","48221","Hood"
"629","76481","South Bend","TX","48503","Young"
"630","76483","Throckmorton","TX","48447","Throckmorton"
"631","76484","Palo Pinto","TX","48363","Palo Pinto"
"632","76486","Perrin","TX","48237","Jack"
"633","76487","Poolville","TX","48367","Parker"
"634","76490","Whitt","TX","48367","Parker"
"635","76491","Woodson","TX","48447","Throckmorton"
"636","76501","Temple","TX","48027","Bell"
"637","76502","Temple","TX","48027","Bell"
"638","76504","Temple","TX","48027","Bell"
"639","76511","Bartlett","TX","48027","Bell"
"640","76513","Belton","TX","48027","Bell"
"641","76518","Buckholts","TX","48331","Milam"
"642","76519","Burlington","TX","48331","Milam"
"643","76520","Cameron","TX","48331","Milam"
"644","76522","Copperas Cove","TX","48099","Coryell"
"645","76523","Davilla","TX","48331","Milam"
"646","76524","Eddy","TX","48145","Falls"
"647","76525","Evant","TX","48193","Hamilton"
"648","76527","Florence","TX","48491","Williamson"
"649","76528","Gatesville","TX","48099","Coryell"
"650","76530","Granger","TX","48491","Williamson"
"651","76531","Hamilton","TX","48193","Hamilton"
"652","76534","Holland","TX","48027","Bell"
"653","76537","Jarrell","TX","48491","Williamson"
"654","76538","Jonesboro","TX","48193","Hamilton"
"655","76539","Kempner","TX","48281","Lampasas"
"656","76541","Killeen","TX","48027","Bell"
"657","76542","Killeen","TX","48027","Bell"
"658","76543","Killeen","TX","48027","Bell"
"659","76544","Fort Cavazos","TX","48099","Coryell"
"660","76548","Harker Heights","TX","48027","Bell"
"661","76549","Killeen","TX","48027","Bell"
"662","76550","Lampasas","TX","48281","Lampasas"
"663","76554","Little River Academy","TX","48027","Bell"
"664","76556","Milano","TX","48331","Milam"
"665","76557","Moody","TX","48027","Bell"
"666","76559","Nolanville","TX","48027","Bell"
"667","76561","Oglesby","TX","48099","Coryell"
"668","76565","Pottsville","TX","48193","Hamilton"
"669","76566","Purmela","TX","48099","Coryell"
"670","76567","Rockdale","TX","48331","Milam"
"671","76569","Rogers","TX","48027","Bell"
"672","76570","Rosebud","TX","48145","Falls"
"673","76571","Salado","TX","48027","Bell"
"674","76573","Schwertner","TX","48491","Williamson"
"675","76574","Taylor","TX","48491","Williamson"
"676","76577","Thorndale","TX","48331","Milam"
"677","76578","Thrall","TX","48491","Williamson"
"678","76579","Troy","TX","48027","Bell"
"679","76596","Gatesville","TX","48099","Coryell"
"680","76597","Gatesville","TX","48099","Coryell"
"681","76598","Gatesville","TX","48099","Coryell"
"682","76599","Gatesville","TX","48099","Coryell"
"683","76621","Abbott","TX","48217","Hill"
"684","76622","Aquilla","TX","48217","Hill"
"685","76623","Avalon","TX","48139","Ellis"
"686","76624","Axtell","TX","48309","McLennan"
"687","76626","Blooming Grove","TX","48349","Navarro"
"688","76627","Blum","TX","48217","Hill"
"689","76628","Brandon","TX","48217","Hill"
"690","76629","Bremond","TX","48395","Robertson"
"691","76630","Bruceville","TX","48309","McLennan"
"692","76631","Bynum","TX","48217","Hill"
"693","76632","Chilton","TX","48145","Falls"
"694","76633","China Spring","TX","48309","McLennan"
"695","76634","Clifton","TX","48035","Bosque"
"696","76635","Coolidge","TX","48293","Limestone"
"697","76636","Covington","TX","48217","Hill"
"698","76637","Cranfills Gap","TX","48035","Bosque"
"699","76638","Crawford","TX","48309","McLennan"
"700","76639","Dawson","TX","48349","Navarro"
"701","76640","Elm Mott","TX","48309","McLennan"
"702","76641","Frost","TX","48349","Navarro"
"703","76642","Groesbeck","TX","48293","Limestone"
"704","76643","Hewitt","TX","48309","McLennan"
"705","76645","Hillsboro","TX","48217","Hill"
"706","76648","Hubbard","TX","48217","Hill"
"707","76649","Iredell","TX","48035","Bosque"
"708","76650","Irene","TX","48217","Hill"
"709","76651","Italy","TX","48139","Ellis"
"710","76652","Kopperl","TX","48035","Bosque"
"711","76653","Kosse","TX","48293","Limestone"
"712","76654","Leroy","TX","48309","McLennan"
"713","76655","Lorena","TX","48309","McLennan"
"714","76656","Lott","TX","48145","Falls"
"715","76657","Mcgregor","TX","48309","McLennan"
"716","76660","Malone","TX","48217","Hill"
"717","76661","Marlin","TX","48145","Falls"
"718","76664","Mart","TX","48293","Limestone"
"719","76665","Meridian","TX","48035","Bosque"
"720","76666","Mertens","TX","48217","Hill"
"721","76667","Mexia","TX","48293","Limestone"
"722","76670","Milford","TX","48139","Ellis"
"723","76671","Morgan","TX","48035","Bosque"
"724","76673","Mount Calm","TX","48217","Hill"
"725","76676","Penelope","TX","48217","Hill"
"726","76678","Prairie Hill","TX","48293","Limestone"
"727","76679","Purdon","TX","48349","Navarro"
"728","76680","Reagan","TX","48145","Falls"
"729","76681","Richland","TX","48349","Navarro"
"730","76682","Riesel","TX","48145","Falls"
"731","76685","Satin","TX","48145","Falls"
"732","76686","Tehuacana","TX","48293","Limestone"
"733","76687","Thornton","TX","48293","Limestone"
"734","76689","Valley Mills","TX","48035","Bosque"
"735","76690","Walnut Springs","TX","48035","Bosque"
"736","76691","West","TX","48309","McLennan"
"737","76692","Whitney","TX","48217","Hill"
"738","76693","Wortham","TX","48161","Freestone"
"739","76701","Waco","TX","48309","McLennan"
"740","76704","Waco","TX","48309","McLennan"
"741","76705","Waco","TX","48309","McLennan"
"742","76706","Waco","TX","48309","McLennan"
"743","76707","Waco","TX","48309","McLennan"
"744","76708","Waco","TX","48309","McLennan"
"745","76710","Waco","TX","48309","McLennan"
"746","76711","Waco","TX","48309","McLennan"
"747","76712","Woodway","TX","48309","McLennan"
"748","76798","Waco","TX","48309","McLennan"
"749","76801","Brownwood","TX","48049","Brown"
"750","76802","Early","TX","48049","Brown"
"751","76820","Art","TX","48319","Mason"
"752","76821","Ballinger","TX","48399","Runnels"
"753","76823","Bangs","TX","48049","Brown"
"754","76824","Bend","TX","48411","San Saba"
"755","76825","Brady","TX","48307","McCulloch"
"756","76827","Brookesmith","TX","48049","Brown"
"757","76828","Burkett","TX","48083","Coleman"
"758","76831","Castell","TX","48299","Llano"
"759","76832","Cherokee","TX","48411","San Saba"
"760","76834","Coleman","TX","48083","Coleman"
"761","76836","Doole","TX","48307","McCulloch"
"762","76837","Eden","TX","48095","Concho"
"763","76841","Fort McKavett","TX","48413","Schleicher"
"764","76842","Fredonia","TX","48319","Mason"
"765","76844","Goldthwaite","TX","48333","Mills"
"766","76845","Gouldbusk","TX","48083","Coleman"
"767","76848","Hext","TX","48327","Menard"
"768","76849","Junction","TX","48267","Kimble"
"769","76852","Lohn","TX","48307","McCulloch"
"770","76853","Lometa","TX","48281","Lampasas"
"771","76854","London","TX","48267","Kimble"
"772","76856","Mason","TX","48319","Mason"
"773","76857","May","TX","48049","Brown"
"774","76858","Melvin","TX","48095","Concho"
"775","76859","Menard","TX","48327","Menard"
"776","76861","Miles","TX","48451","Tom Green"
"777","76862","Millersview","TX","48095","Concho"
"778","76864","Mullin","TX","48333","Mills"
"779","76865","Norton","TX","48399","Runnels"
"780","76866","Paint Rock","TX","48095","Concho"
"781","76869","Pontotoc","TX","48411","San Saba"
"782","76870","Priddy","TX","48333","Mills"
"783","76871","Richland Springs","TX","48411","San Saba"
"784","76872","Rochelle","TX","48307","McCulloch"
"785","76873","Rockwood","TX","48083","Coleman"
"786","76874","Roosevelt","TX","48267","Kimble"
"787","76875","Rowena","TX","48399","Runnels"
"788","76877","San Saba","TX","48411","San Saba"
"789","76878","Santa Anna","TX","48083","Coleman"
"790","76880","Star","TX","48333","Mills"
"791","76882","Talpa","TX","48399","Runnels"
"792","76884","Valera","TX","48083","Coleman"
"793","76885","Valley Spring","TX","48299","Llano"
"794","76887","Voca","TX","48307","McCulloch"
"795","76888","Voss","TX","48083","Coleman"
"796","76890","Zephyr","TX","48049","Brown"
"797","76901","San Angelo","TX","48451","Tom Green"
"798","76902","San Angelo","TX","48451","Tom Green"
"799","76903","San Angelo","TX","48451","Tom Green"
"800","76904","San Angelo","TX","48451","Tom Green"
"801","76905","San Angelo","TX","48451","Tom Green"
"802","76908","Goodfellow Afb","TX","48451","Tom Green"
"803","76909","San Angelo","TX","48451","Tom Green"
"804","76930","Barnhart","TX","48235","Irion"
"805","76932","Big Lake","TX","48383","Reagan"
"806","76933","Bronte","TX","48081","Coke"
"807","76934","Carlsbad","TX","48451","Tom Green"
"808","76935","Christoval","TX","48413","Schleicher"
"809","76936","Eldorado","TX","48413","Schleicher"
"810","76937","Eola","TX","48451","Tom Green"
"811","76939","Knickerbocker","TX","48451","Tom Green"
"812","76940","Mereta","TX","48451","Tom Green"
"813","76941","Mertzon","TX","48235","Irion"
"814","76943","Ozona","TX","48105","Crockett"
"815","76945","Robert Lee","TX","48081","Coke"
"816","76950","Sonora","TX","48435","Sutton"
"817","76951","Sterling City","TX","48431","Sterling"
"818","76953","Tennyson","TX","48081","Coke"
"819","76955","Vancourt","TX","48451","Tom Green"
"820","76957","Wall","TX","48451","Tom Green"
"821","76958","Water Valley","TX","48451","Tom Green"
"822","77002","Houston","TX","48201","Harris"
"823","77003","Houston","TX","48201","Harris"
"824","77004","Houston","TX","48201","Harris"
"825","77005","Houston","TX","48201","Harris"
"826","77006","Houston","TX","48201","Harris"
"827","77007","Houston","TX","48201","Harris"
"828","77008","Houston","TX","48201","Harris"
"829","77009","Houston","TX","48201","Harris"
"830","77010","Houston","TX","48201","Harris"
"831","77011","Houston","TX","48201","Harris"
"832","77012","Houston","TX","48201","Harris"
"833","77013","Houston","TX","48201","Harris"
"834","77014","Houston","TX","48201","Harris"
"835","77015","Houston","TX","48201","Harris"
"836","77016","Houston","TX","48201","Harris"
"837","77017","Houston","TX","48201","Harris"
"838","77018","Houston","TX","48201","Harris"
"839","77019","Houston","TX","48201","Harris"
"840","77020","Houston","TX","48201","Harris"
"841","77021","Houston","TX","48201","Harris"
"842","77022","Houston","TX","48201","Harris"
"843","77023","Houston","TX","48201","Harris"
"844","77024","Houston","TX","48201","Harris"
"845","77025","Houston","TX","48201","Harris"
"846","77026","Houston","TX","48201","Harris"
"847","77027","Houston","TX","48201","Harris"
"848","77028","Houston","TX","48201","Harris"
"849","77029","Houston","TX","48201","Harris"
"850","77030","Houston","TX","48201","Harris"
"851","77031","Houston","TX","48201","Harris"
"852","77032","Houston","TX","48201","Harris"
"853","77033","Houston","TX","48201","Harris"
"854","77034","Houston","TX","48201","Harris"
"855","77035","Houston","TX","48201","Harris"
"856","77036","Houston","TX","48201","Harris"
"857","77037","Houston","TX","48201","Harris"
"858","77038","Houston","TX","48201","Harris"
"859","77039","Houston","TX","48201","Harris"
"860","77040","Houston","TX","48201","Harris"
"861","77041","Houston","TX","48201","Harris"
"862","77042","Houston","TX","48201","Harris"
"863","77043","Houston","TX","48201","Harris"
"864","77044","Houston","TX","48201","Harris"
"865","77045","Houston","TX","48201","Harris"
"866","77046","Houston","TX","48201","Harris"
"867","77047","Houston","TX","48201","Harris"
"868","77048","Houston","TX","48201","Harris"
"869","77049","Houston","TX","48201","Harris"
"870","77050","Houston","TX","48201","Harris"
"871","77051","Houston","TX","48201","Harris"
"872","77053","Houston","TX","48157","Fort Bend"
"873","77054","Houston","TX","48201","Harris"
"874","77055","Houston","TX","48201","Harris"
"875","77056","Houston","TX","48201","Harris"
"876","77057","Houston","TX","48201","Harris"
"877","77058","Houston","TX","48201","Harris"
"878","77059","Houston","TX","48201","Harris"
"879","77060","Houston","TX","48201","Harris"
"880","77061","Houston","TX","48201","Harris"
"881","77062","Houston","TX","48201","Harris"
"882","77063","Houston","TX","48201","Harris"
"883","77064","Houston","TX","48201","Harris"
"884","77065","Houston","TX","48201","Harris"
"885","77066","Houston","TX","48201","Harris"
"886","77067","Houston","TX","48201","Harris"
"887","77068","Houston","TX","48201","Harris"
"888","77069","Houston","TX","48201","Harris"
"889","77070","Houston","TX","48201","Harris"
"890","77071","Houston","TX","48201","Harris"
"891","77072","Houston","TX","48201","Harris"
"892","77073","Houston","TX","48201","Harris"
"893","77074","Houston","TX","48201","Harris"
"894","77075","Houston","TX","48201","Harris"
"895","77076","Houston","TX","48201","Harris"
"896","77077","Houston","TX","48201","Harris"
"897","77078","Houston","TX","48201","Harris"
"898","77079","Houston","TX","48201","Harris"
"899","77080","Houston","TX","48201","Harris"
"900","77081","Houston","TX","48201","Harris"
"901","77082","Houston","TX","48201","Harris"
"902","77083","Houston","TX","48201","Harris"
"903","77084","Houston","TX","48201","Harris"
"904","77085","Houston","TX","48201","Harris"
"905","77086","Houston","TX","48201","Harris"
"906","77087","Houston","TX","48201","Harris"
"907","77088","Houston","TX","48201","Harris"
"908","77089","Houston","TX","48201","Harris"
"909","77090","Houston","TX","48201","Harris"
"910","77091","Houston","TX","48201","Harris"
"911","77092","Houston","TX","48201","Harris"
"912","77093","Houston","TX","48201","Harris"
"913","77094","Houston","TX","48201","Harris"
"914","77095","Houston","TX","48201","Harris"
"915","77096","Houston","TX","48201","Harris"
"916","77098","Houston","TX","48201","Harris"
"917","77099","Houston","TX","48201","Harris"
"918","77204","Houston","TX","48201","Harris"
"919","77301","Conroe","TX","48339","Montgomery"
"920","77302","Conroe","TX","48339","Montgomery"
"921","77303","Conroe","TX","48339","Montgomery"
"922","77304","Conroe","TX","48339","Montgomery"
"923","77306","Conroe","TX","48339","Montgomery"
"924","77316","Montgomery","TX","48339","Montgomery"
"925","77318","Willis","TX","48339","Montgomery"
"926","77320","Huntsville","TX","48471","Walker"
"927","77326","Ace","TX","48373","Polk"
"928","77327","Cleveland","TX","48291","Liberty"
"929","77328","Cleveland","TX","48407","San Jacinto"
"930","77331","Coldspring","TX","48407","San Jacinto"
"931","77334","Dodge","TX","48471","Walker"
"932","77335","Goodrich","TX","48373","Polk"
"933","77336","Huffman","TX","48201","Harris"
"934","77338","Humble","TX","48201","Harris"
"935","77339","Kingwood","TX","48201","Harris"
"936","77340","Huntsville","TX","48471","Walker"
"937","77341","Huntsville","TX","48471","Walker"
"938","77342","Huntsville","TX","48471","Walker"
"939","77345","Kingwood","TX","48201","Harris"
"940","77346","Humble","TX","48201","Harris"
"941","77350","Leggett","TX","48373","Polk"
"942","77351","Livingston","TX","48373","Polk"
"943","77354","Magnolia","TX","48339","Montgomery"
"944","77355","Magnolia","TX","48339","Montgomery"
"945","77356","Montgomery","TX","48339","Montgomery"
"946","77357","New Caney","TX","48339","Montgomery"
"947","77358","New Waverly","TX","48471","Walker"
"948","77359","Oakhurst","TX","48407","San Jacinto"
"949","77360","Onalaska","TX","48373","Polk"
"950","77362","Pinehurst","TX","48339","Montgomery"
"951","77363","Plantersville","TX","48185","Grimes"
"952","77364","Pointblank","TX","48407","San Jacinto"
"953","77365","Porter","TX","48339","Montgomery"
"954","77367","Riverside","TX","48471","Walker"
"955","77368","Romayor","TX","48291","Liberty"
"956","77369","Rye","TX","48291","Liberty"
"957","77371","Shepherd","TX","48407","San Jacinto"
"958","77372","Splendora","TX","48339","Montgomery"
"959","77373","Spring","TX","48201","Harris"
"960","77374","Thicket","TX","48199","Hardin"
"961","77375","Tomball","TX","48201","Harris"
"962","77376","Votaw","TX","48199","Hardin"
"963","77377","Tomball","TX","48201","Harris"
"964","77378","Willis","TX","48339","Montgomery"
"965","77379","Spring","TX","48201","Harris"
"966","77380","Spring","TX","48339","Montgomery"
"967","77381","Spring","TX","48339","Montgomery"
"968","77382","Spring","TX","48339","Montgomery"
"969","77384","Conroe","TX","48339","Montgomery"
"970","77385","Conroe","TX","48339","Montgomery"
"971","77386","Spring","TX","48339","Montgomery"
"972","77388","Spring","TX","48201","Harris"
"973","77389","Spring","TX","48201","Harris"
"974","77396","Humble","TX","48201","Harris"
"975","77401","Bellaire","TX","48201","Harris"
"976","77406","Richmond","TX","48157","Fort Bend"
"977","77407","Richmond","TX","48157","Fort Bend"
"978","77412","Altair","TX","48089","Colorado"
"979","77414","Bay City","TX","48321","Matagorda"
"980","77415","Cedar Lane","TX","48321","Matagorda"
"981","77417","Beasley","TX","48157","Fort Bend"
"982","77418","Bellville","TX","48015","Austin"
"983","77419","Blessing","TX","48321","Matagorda"
"984","77420","Boling","TX","48481","Wharton"
"985","77422","Brazoria","TX","48039","Brazoria"
"986","77423","Brookshire","TX","48473","Waller"
"987","77426","Chappell Hill","TX","48477","Washington"
"988","77428","Collegeport","TX","48321","Matagorda"
"989","77429","Cypress","TX","48201","Harris"
"990","77430","Damon","TX","48039","Brazoria"
"991","77431","Danciger","TX","48039","Brazoria"
"992","77432","Danevang","TX","48481","Wharton"
"993","77433","Cypress","TX","48201","Harris"
"994","77434","Eagle Lake","TX","48089","Colorado"
"995","77435","East Bernard","TX","48481","Wharton"
"996","77436","Egypt","TX","48481","Wharton"
"997","77437","El Campo","TX","48481","Wharton"
"998","77440","Elmaton","TX","48321","Matagorda"
"999","77441","Fulshear","TX","48157","Fort Bend"
"1000","77442","Garwood","TX","48089","Colorado"
"1001","77443","Glen Flora","TX","48481","Wharton"
"1002","77444","Guy","TX","48157","Fort Bend"
"1003","77445","Hempstead","TX","48473","Waller"
"1004","77446","Prairie View","TX","48473","Waller"
"1005","77447","Hockley","TX","48201","Harris"
"1006","77448","Hungerford","TX","48481","Wharton"
"1007","77449","Katy","TX","48201","Harris"
"1008","77450","Katy","TX","48201","Harris"
"1009","77451","Kendleton","TX","48157","Fort Bend"
"1010","77453","Lane City","TX","48481","Wharton"
"1011","77454","Lissie","TX","48481","Wharton"
"1012","77455","Louise","TX","48481","Wharton"
"1013","77456","Markham","TX","48321","Matagorda"
"1014","77457","Matagorda","TX","48321","Matagorda"
"1015","77458","Midfield","TX","48321","Matagorda"
"1016","77459","Missouri City","TX","48157","Fort Bend"
"1017","77460","Nada","TX","48089","Colorado"
"1018","77461","Needville","TX","48157","Fort Bend"
"1019","77464","Orchard","TX","48157","Fort Bend"
"1020","77465","Palacios","TX","48321","Matagorda"
"1021","77466","Pattison","TX","48473","Waller"
"1022","77467","Pierce","TX","48481","Wharton"
"1023","77468","Pledger","TX","48321","Matagorda"
"1024","77469","Richmond","TX","48157","Fort Bend"
"1025","77470","Rock Island","TX","48089","Colorado"
"1026","77471","Rosenberg","TX","48157","Fort Bend"
"1027","77473","San Felipe","TX","48015","Austin"
"1028","77474","Sealy","TX","48015","Austin"
"1029","77475","Sheridan","TX","48089","Colorado"
"1030","77476","Simonton","TX","48157","Fort Bend"
"1031","77477","Stafford","TX","48157","Fort Bend"
"1032","77478","Sugar Land","TX","48157","Fort Bend"
"1033","77479","Sugar Land","TX","48157","Fort Bend"
"1034","77480","Sweeny","TX","48039","Brazoria"
"1035","77481","Thompsons","TX","48157","Fort Bend"
"1036","77482","Van Vleck","TX","48321","Matagorda"
"1037","77483","Wadsworth","TX","48321","Matagorda"
"1038","77484","Waller","TX","48473","Waller"
"1039","77485","Wallis","TX","48015","Austin"
"1040","77486","West Columbia","TX","48039","Brazoria"
"1041","77488","Wharton","TX","48481","Wharton"
"1042","77489","Missouri City","TX","48157","Fort Bend"
"1043","77493","Katy","TX","48201","Harris"
"1044","77494","Katy","TX","48157","Fort Bend"
"1045","77498","Sugar Land","TX","48157","Fort Bend"
"1046","77502","Pasadena","TX","48201","Harris"
"1047","77503","Pasadena","TX","48201","Harris"
"1048","77504","Pasadena","TX","48201","Harris"
"1049","77505","Pasadena","TX","48201","Harris"
"1050","77506","Pasadena","TX","48201","Harris"
"1051","77507","Pasadena","TX","48201","Harris"
"1052","77510","Santa Fe","TX","48167","Galveston"
"1053","77511","Alvin","TX","48039","Brazoria"
"1054","77514","Anahuac","TX","48071","Chambers"
"1055","77515","Angleton","TX","48039","Brazoria"
"1056","77517","Santa Fe","TX","48167","Galveston"
"1057","77518","Bacliff","TX","48167","Galveston"
"1058","77519","Batson","TX","48199","Hardin"
"1059","77520","Baytown","TX","48201","Harris"
"1060","77521","Baytown","TX","48201","Harris"
"1061","77523","Baytown","TX","48071","Chambers"
"1062","77530","Channelview","TX","48201","Harris"
"1063","77531","Clute","TX","48039","Brazoria"
"1064","77532","Crosby","TX","48201","Harris"
"1065","77533","Daisetta","TX","48291","Liberty"
"1066","77534","Danbury","TX","48039","Brazoria"
"1067","77535","Dayton","TX","48291","Liberty"
"1068","77536","Deer Park","TX","48201","Harris"
"1069","77538","Devers","TX","48291","Liberty"
"1070","77539","Dickinson","TX","48167","Galveston"
"1071","77541","Freeport","TX","48039","Brazoria"
"1072","77545","Fresno","TX","48157","Fort Bend"
"1073","77546","Friendswood","TX","48167","Galveston"
"1074","77547","Galena Park","TX","48201","Harris"
"1075","77550","Galveston","TX","48167","Galveston"
"1076","77551","Galveston","TX","48167","Galveston"
"1077","77554","Galveston","TX","48167","Galveston"
"1078","77555","Galveston","TX","48167","Galveston"
"1079","77560","Hankamer","TX","48071","Chambers"
"1080","77561","Hardin","TX","48291","Liberty"
"1081","77562","Highlands","TX","48201","Harris"
"1082","77563","Hitchcock","TX","48167","Galveston"
"1083","77564","Hull","TX","48291","Liberty"
"1084","77565","Kemah","TX","48167","Galveston"
"1085","77566","Lake Jackson","TX","48039","Brazoria"
"1086","77568","La Marque","TX","48167","Galveston"
"1087","77571","La Porte","TX","48201","Harris"
"1088","77573","League City","TX","48167","Galveston"
"1089","77575","Liberty","TX","48291","Liberty"
"1090","77577","Liverpool","TX","48039","Brazoria"
"1091","77578","Manvel","TX","48039","Brazoria"
"1092","77580","Mont Belvieu","TX","48071","Chambers"
"1093","77581","Pearland","TX","48039","Brazoria"
"1094","77582","Raywood","TX","48291","Liberty"
"1095","77583","Rosharon","TX","48039","Brazoria"
"1096","77584","Pearland","TX","48039","Brazoria"
"1097","77585","Saratoga","TX","48199","Hardin"
"1098","77586","Seabrook","TX","48201","Harris"
"1099","77587","South Houston","TX","48201","Harris"
"1100","77590","Texas City","TX","48167","Galveston"
"1101","77591","Texas City","TX","48167","Galveston"
"1102","77597","Wallisville","TX","48071","Chambers"
"1103","77598","Webster","TX","48201","Harris"
"1104","77611","Bridge City","TX","48361","Orange"
"1105","77612","Buna","TX","48241","Jasper"
"1106","77613","China","TX","48245","Jefferson"
"1107","77614","Deweyville","TX","48351","Newton"
"1108","77615","Evadale","TX","48241","Jasper"
"1109","77616","Fred","TX","48457","Tyler"
"1110","77617","Gilchrist","TX","48167","Galveston"
"1111","77619","Groves","TX","48245","Jefferson"
"1112","77622","Hamshire","TX","48245","Jefferson"
"1113","77623","High Island","TX","48167","Galveston"
"1114","77624","Hillister","TX","48457","Tyler"
"1115","77625","Kountze","TX","48199","Hardin"
"1116","77627","Nederland","TX","48245","Jefferson"
"1117","77629","Nome","TX","48245","Jefferson"
"1118","77630","Orange","TX","48361","Orange"
"1119","77632","Orange","TX","48361","Orange"
"1120","77640","Port Arthur","TX","48245","Jefferson"
"1121","77642","Port Arthur","TX","48245","Jefferson"
"1122","77650","Port Bolivar","TX","48167","Galveston"
"1123","77651","Port Neches","TX","48245","Jefferson"
"1124","77655","Sabine Pass","TX","48245","Jefferson"
"1125","77656","Silsbee","TX","48199","Hardin"
"1126","77657","Lumberton","TX","48199","Hardin"
"1127","77659","Sour Lake","TX","48199","Hardin"
"1128","77660","Spurger","TX","48457","Tyler"
"1129","77661","Stowell","TX","48071","Chambers"
"1130","77662","Vidor","TX","48361","Orange"
"1131","77663","Village Mills","TX","48199","Hardin"
"1132","77664","Warren","TX","48457","Tyler"
"1133","77665","Winnie","TX","48071","Chambers"
"1134","77701","Beaumont","TX","48245","Jefferson"
"1135","77702","Beaumont","TX","48245","Jefferson"
"1136","77703","Beaumont","TX","48245","Jefferson"
"1137","77705","Beaumont","TX","48245","Jefferson"
"1138","77706","Beaumont","TX","48245","Jefferson"
"1139","77707","Beaumont","TX","48245","Jefferson"
"1140","77708","Beaumont","TX","48245","Jefferson"
"1141","77713","Beaumont","TX","48245","Jefferson"
"1142","77801","Bryan","TX","48041","Brazos"
"1143","77802","Bryan","TX","48041","Brazos"
"1144","77803","Bryan","TX","48041","Brazos"
"1145","77807","Bryan","TX","48041","Brazos"
"1146","77808","Bryan","TX","48041","Brazos"
"1147","77830","Anderson","TX","48185","Grimes"
"1148","77831","Bedias","TX","48185","Grimes"
"1149","77833","Brenham","TX","48477","Washington"
"1150","77835","Burton","TX","48477","Washington"
"1151","77836","Caldwell","TX","48051","Burleson"
"1152","77837","Calvert","TX","48395","Robertson"
"1153","77840","College Station","TX","48041","Brazos"
"1154","77843","College Station","TX","48041","Brazos"
"1155","77845","College Station","TX","48041","Brazos"
"1156","77852","Deanville","TX","48051","Burleson"
"1157","77853","Dime Box","TX","48287","Lee"
"1158","77855","Flynn","TX","48289","Leon"
"1159","77856","Franklin","TX","48395","Robertson"
"1160","77857","Gause","TX","48331","Milam"
"1161","77859","Hearne","TX","48395","Robertson"
"1162","77861","Iola","TX","48185","Grimes"
"1163","77863","Lyons","TX","48051","Burleson"
"1164","77864","Madisonville","TX","48313","Madison"
"1165","77865","Marquez","TX","48289","Leon"
"1166","77866","Millican","TX","48041","Brazos"
"1167","77867","Mumford","TX","48395","Robertson"
"1168","77868","Navasota","TX","48185","Grimes"
"1169","77871","Normangee","TX","48289","Leon"
"1170","77872","North Zulch","TX","48313","Madison"
"1171","77873","Richards","TX","48339","Montgomery"
"1172","77875","Roans Prairie","TX","48185","Grimes"
"1173","77876","Shiro","TX","48185","Grimes"
"1174","77878","Snook","TX","48051","Burleson"
"1175","77879","Somerville","TX","48051","Burleson"
"1176","77880","Washington","TX","48477","Washington"
"1177","77882","Wheelock","TX","48395","Robertson"
"1178","77901","Victoria","TX","48469","Victoria"
"1179","77904","Victoria","TX","48469","Victoria"
"1180","77905","Victoria","TX","48469","Victoria"
"1181","77950","Austwell","TX","48007","Aransas"
"1182","77951","Bloomington","TX","48469","Victoria"
"1183","77954","Cuero","TX","48123","DeWitt"
"1184","77957","Edna","TX","48239","Jackson"
"1185","77960","Fannin","TX","48175","Goliad"
"1186","77961","Francitas","TX","48239","Jackson"
"1187","77962","Ganado","TX","48239","Jackson"
"1188","77963","Goliad","TX","48175","Goliad"
"1189","77964","Hallettsville","TX","48285","Lavaca"
"1190","77968","Inez","TX","48469","Victoria"
"1191","77969","La Salle","TX","48239","Jackson"
"1192","77970","La Ward","TX","48239","Jackson"
"1193","77971","Lolita","TX","48239","Jackson"
"1194","77973","Mcfaddin","TX","48469","Victoria"
"1195","77974","Meyersville","TX","48123","DeWitt"
"1196","77975","Moulton","TX","48285","Lavaca"
"1197","77976","Nursery","TX","48469","Victoria"
"1198","77977","Placedo","TX","48469","Victoria"
"1199","77978","Point Comfort","TX","48057","Calhoun"
"1200","77979","Port Lavaca","TX","48057","Calhoun"
"1201","77982","Port O'Connor","TX","48057","Calhoun"
"1202","77983","Seadrift","TX","48057","Calhoun"
"1203","77984","Shiner","TX","48285","Lavaca"
"1204","77986","Sublime","TX","48285","Lavaca"
"1205","77987","Sweet Home","TX","48285","Lavaca"
"1206","77988","Telferner","TX","48469","Victoria"
"1207","77990","Tivoli","TX","48391","Refugio"
"1208","77991","Vanderbilt","TX","48239","Jackson"
"1209","77993","Weesatche","TX","48175","Goliad"
"1210","77994","Westhoff","TX","48123","DeWitt"
"1211","77995","Yoakum","TX","48123","DeWitt"
"1212","78001","Artesia Wells","TX","48283","La Salle"
"1213","78002","Atascosa","TX","48029","Bexar"
"1214","78003","Bandera","TX","48019","Bandera"
"1215","78004","Bergheim","TX","48259","Kendall"
"1216","78005","Bigfoot","TX","48163","Frio"
"1217","78006","Boerne","TX","48259","Kendall"
"1218","78007","Calliham","TX","48311","McMullen"
"1219","78008","Campbellton","TX","48013","Atascosa"
"1220","78009","Castroville","TX","48325","Medina"
"1221","78010","Center Point","TX","48265","Kerr"
"1222","78011","Charlotte","TX","48013","Atascosa"
"1223","78012","Christine","TX","48013","Atascosa"
"1224","78013","Comfort","TX","48259","Kendall"
"1225","78014","Cotulla","TX","48283","La Salle"
"1226","78015","Boerne","TX","48259","Kendall"
"1227","78016","Devine","TX","48325","Medina"
"1228","78017","Dilley","TX","48163","Frio"
"1229","78019","Encinal","TX","48479","Webb"
"1230","78021","Fowlerton","TX","48283","La Salle"
"1231","78022","George West","TX","48297","Live Oak"
"1232","78023","Helotes","TX","48029","Bexar"
"1233","78024","Hunt","TX","48265","Kerr"
"1234","78025","Ingram","TX","48265","Kerr"
"1235","78026","Jourdanton","TX","48013","Atascosa"
"1236","78027","Kendalia","TX","48259","Kendall"
"1237","78028","Kerrville","TX","48265","Kerr"
"1238","78029","Kerrville","TX","48265","Kerr"
"1239","78039","La Coste","TX","48325","Medina"
"1240","78040","Laredo","TX","48479","Webb"
"1241","78041","Laredo","TX","48479","Webb"
"1242","78043","Laredo","TX","48479","Webb"
"1243","78044","Laredo","TX","48479","Webb"
"1244","78045","Laredo","TX","48479","Webb"
"1245","78046","Laredo","TX","48479","Webb"
"1246","78050","Leming","TX","48013","Atascosa"
"1247","78052","Lytle","TX","48013","Atascosa"
"1248","78055","Medina","TX","48019","Bandera"
"1249","78056","Mico","TX","48325","Medina"
"1250","78057","Moore","TX","48163","Frio"
"1251","78058","Mountain Home","TX","48265","Kerr"
"1252","78059","Natalia","TX","48325","Medina"
"1253","78061","Pearsall","TX","48163","Frio"
"1254","78062","Peggy","TX","48013","Atascosa"
"1255","78063","Pipe Creek","TX","48019","Bandera"
"1256","78064","Pleasanton","TX","48013","Atascosa"
"1257","78065","Poteet","TX","48013","Atascosa"
"1258","78066","Rio Medina","TX","48325","Medina"
"1259","78067","San Ygnacio","TX","48505","Zapata"
"1260","78069","Somerset","TX","48013","Atascosa"
"1261","78070","Spring Branch","TX","48091","Comal"
"1262","78071","Three Rivers","TX","48297","Live Oak"
"1263","78072","Tilden","TX","48311","McMullen"
"1264","78073","Von Ormy","TX","48029","Bexar"
"1265","78074","Waring","TX","48259","Kendall"
"1266","78075","Whitsett","TX","48297","Live Oak"
"1267","78076","Zapata","TX","48505","Zapata"
"1268","78101","Adkins","TX","48029","Bexar"
"1269","78102","Beeville","TX","48025","Bee"
"1270","78104","Beeville","TX","48025","Bee"
"1271","78107","Berclair","TX","48175","Goliad"
"1272","78108","Cibolo","TX","48187","Guadalupe"
"1273","78109","Converse","TX","48029","Bexar"
"1274","78111","Ecleto","TX","48255","Karnes"
"1275","78112","Elmendorf","TX","48029","Bexar"
"1276","78113","Falls City","TX","48493","Wilson"
"1277","78114","Floresville","TX","48493","Wilson"
"1278","78116","Gillett","TX","48255","Karnes"
"1279","78117","Hobson","TX","48255","Karnes"
"1280","78118","Karnes City","TX","48255","Karnes"
"1281","78119","Kenedy","TX","48255","Karnes"
"1282","78121","La Vernia","TX","48493","Wilson"
"1283","78122","Leesville","TX","48177","Gonzales"
"1284","78123","McQueeney","TX","48187","Guadalupe"
"1285","78124","Marion","TX","48187","Guadalupe"
"1286","78125","Mineral","TX","48025","Bee"
"1287","78130","New Braunfels","TX","48187","Guadalupe"
"1288","78132","New Braunfels","TX","48091","Comal"
"1289","78133","Canyon Lake","TX","48091","Comal"
"1290","78140","Nixon","TX","48177","Gonzales"
"1291","78141","Nordheim","TX","48123","DeWitt"
"1292","78142","Normanna","TX","48025","Bee"
"1293","78143","Pandora","TX","48493","Wilson"
"1294","78144","Panna Maria","TX","48255","Karnes"
"1295","78145","Pawnee","TX","48025","Bee"
"1296","78146","Pettus","TX","48025","Bee"
"1297","78147","Poth","TX","48493","Wilson"
"1298","78148","Universal City","TX","48029","Bexar"
"1299","78150","Jbsa Randolph","TX","48029","Bexar"
"1300","78151","Runge","TX","48255","Karnes"
"1301","78152","Saint Hedwig","TX","48029","Bexar"
"1302","78154","Schertz","TX","48029","Bexar"
"1303","78155","Seguin","TX","48187","Guadalupe"
"1304","78159","Smiley","TX","48177","Gonzales"
"1305","78160","Stockdale","TX","48493","Wilson"
"1306","78161","Sutherland Springs","TX","48493","Wilson"
"1307","78162","Tuleta","TX","48025","Bee"
"1308","78163","Bulverde","TX","48091","Comal"
"1309","78164","Yorktown","TX","48123","DeWitt"
"1310","78201","San Antonio","TX","48029","Bexar"
"1311","78202","San Antonio","TX","48029","Bexar"
"1312","78203","San Antonio","TX","48029","Bexar"
"1313","78204","San Antonio","TX","48029","Bexar"
"1314","78205","San Antonio","TX","48029","Bexar"
"1315","78207","San Antonio","TX","48029","Bexar"
"1316","78208","San Antonio","TX","48029","Bexar"
"1317","78209","San Antonio","TX","48029","Bexar"
"1318","78210","San Antonio","TX","48029","Bexar"
"1319","78211","San Antonio","TX","48029","Bexar"
"1320","78212","San Antonio","TX","48029","Bexar"
"1321","78213","San Antonio","TX","48029","Bexar"
"1322","78214","San Antonio","TX","48029","Bexar"
"1323","78215","San Antonio","TX","48029","Bexar"
"1324","78216","San Antonio","TX","48029","Bexar"
"1325","78217","San Antonio","TX","48029","Bexar"
"1326","78218","San Antonio","TX","48029","Bexar"
"1327","78219","San Antonio","TX","48029","Bexar"
"1328","78220","San Antonio","TX","48029","Bexar"
"1329","78221","San Antonio","TX","48029","Bexar"
"1330","78222","San Antonio","TX","48029","Bexar"
"1331","78223","San Antonio","TX","48029","Bexar"
"1332","78224","San Antonio","TX","48029","Bexar"
"1333","78225","San Antonio","TX","48029","Bexar"
"1334","78226","San Antonio","TX","48029","Bexar"
"1335","78227","San Antonio","TX","48029","Bexar"
"1336","78228","San Antonio","TX","48029","Bexar"
"1337","78229","San Antonio","TX","48029","Bexar"
"1338","78230","San Antonio","TX","48029","Bexar"
"1339","78231","San Antonio","TX","48029","Bexar"
"1340","78232","San Antonio","TX","48029","Bexar"
"1341","78233","San Antonio","TX","48029","Bexar"
"1342","78234","Jbsa Ft Sam Houston","TX","48029","Bexar"
"1343","78235","San Antonio","TX","48029","Bexar"
"1344","78236","Jbsa Lackland","TX","48029","Bexar"
"1345","78237","San Antonio","TX","48029","Bexar"
"1346","78238","San Antonio","TX","48029","Bexar"
"1347","78239","San Antonio","TX","48029","Bexar"
"1348","78240","San Antonio","TX","48029","Bexar"
"1349","78242","San Antonio","TX","48029","Bexar"
"1350","78243","San Antonio","TX","48029","Bexar"
"1351","78244","San Antonio","TX","48029","Bexar"
"1352","78245","San Antonio","TX","48029","Bexar"
"1353","78247","San Antonio","TX","48029","Bexar"
"1354","78248","San Antonio","TX","48029","Bexar"
"1355","78249","San Antonio","TX","48029","Bexar"
"1356","78250","San Antonio","TX","48029","Bexar"
"1357","78251","San Antonio","TX","48029","Bexar"
"1358","78252","San Antonio","TX","48029","Bexar"
"1359","78253","San Antonio","TX","48029","Bexar"
"1360","78254","San Antonio","TX","48029","Bexar"
"1361","78255","San Antonio","TX","48029","Bexar"
"1362","78256","San Antonio","TX","48029","Bexar"
"1363","78257","San Antonio","TX","48029","Bexar"
"1364","78258","San Antonio","TX","48029","Bexar"
"1365","78259","San Antonio","TX","48029","Bexar"
"1366","78260","San Antonio","TX","48029","Bexar"
"1367","78261","San Antonio","TX","48029","Bexar"
"1368","78263","San Antonio","TX","48029","Bexar"
"1369","78264","San Antonio","TX","48029","Bexar"
"1370","78266","San Antonio","TX","48091","Comal"
"1371","78330","Agua Dulce","TX","48355","Nueces"
"1372","78332","Alice","TX","48249","Jim Wells"
"1373","78336","Aransas Pass","TX","48409","San Patricio"
"1374","78338","Armstrong","TX","48261","Kenedy"
"1375","78339","Banquete","TX","48355","Nueces"
"1376","78340","Bayside","TX","48391","Refugio"
"1377","78341","Benavides","TX","48131","Duval"
"1378","78342","Ben Bolt","TX","48249","Jim Wells"
"1379","78343","Bishop","TX","48355","Nueces"
"1380","78344","Bruni","TX","48479","Webb"
"1381","78347","Chapman Ranch","TX","48355","Nueces"
"1382","78349","Concepcion","TX","48131","Duval"
"1383","78351","Driscoll","TX","48355","Nueces"
"1384","78352","Edroy","TX","48409","San Patricio"
"1385","78353","Encino","TX","48047","Brooks"
"1386","78355","Falfurrias","TX","48047","Brooks"
"1387","78357","Freer","TX","48131","Duval"
"1388","78358","Fulton","TX","48007","Aransas"
"1389","78359","Gregory","TX","48409","San Patricio"
"1390","78360","Guerra","TX","48247","Jim Hogg"
"1391","78361","Hebbronville","TX","48247","Jim Hogg"
"1392","78362","Ingleside","TX","48409","San Patricio"
"1393","78363","Kingsville","TX","48273","Kleberg"
"1394","78368","Mathis","TX","48409","San Patricio"
"1395","78369","Mirando City","TX","48479","Webb"
"1396","78370","Odem","TX","48409","San Patricio"
"1397","78371","Oilton","TX","48479","Webb"
"1398","78372","Orange Grove","TX","48249","Jim Wells"
"1399","78373","Port Aransas","TX","48355","Nueces"
"1400","78374","Portland","TX","48409","San Patricio"
"1401","78375","Premont","TX","48249","Jim Wells"
"1402","78376","Realitos","TX","48131","Duval"
"1403","78377","Refugio","TX","48391","Refugio"
"1404","78379","Riviera","TX","48273","Kleberg"
"1405","78380","Robstown","TX","48355","Nueces"
"1406","78382","Rockport","TX","48007","Aransas"
"1407","78383","Sandia","TX","48297","Live Oak"
"1408","78384","San Diego","TX","48131","Duval"
"1409","78385","Sarita","TX","48261","Kenedy"
"1410","78387","Sinton","TX","48409","San Patricio"
"1411","78389","Skidmore","TX","48025","Bee"
"1412","78390","Taft","TX","48409","San Patricio"
"1413","78391","Tynan","TX","48025","Bee"
"1414","78393","Woodsboro","TX","48391","Refugio"
"1415","78401","Corpus Christi","TX","48355","Nueces"
"1416","78402","Corpus Christi","TX","48355","Nueces"
"1417","78404","Corpus Christi","TX","48355","Nueces"
"1418","78405","Corpus Christi","TX","48355","Nueces"
"1419","78406","Corpus Christi","TX","48355","Nueces"
"1420","78407","Corpus Christi","TX","48355","Nueces"
"1421","78408","Corpus Christi","TX","48355","Nueces"
"1422","78409","Corpus Christi","TX","48355","Nueces"
"1423","78410","Corpus Christi","TX","48355","Nueces"
"1424","78411","Corpus Christi","TX","48355","Nueces"
"1425","78412","Corpus Christi","TX","48355","Nueces"
"1426","78413","Corpus Christi","TX","48355","Nueces"
"1427","78414","Corpus Christi","TX","48355","Nueces"
"1428","78415","Corpus Christi","TX","48355","Nueces"
"1429","78416","Corpus Christi","TX","48355","Nueces"
"1430","78417","Corpus Christi","TX","48355","Nueces"
"1431","78418","Corpus Christi","TX","48273","Kleberg"
"1432","78419","Corpus Christi","TX","48355","Nueces"
"1433","78501","Mcallen","TX","48215","Hidalgo"
"1434","78503","Mcallen","TX","48215","Hidalgo"
"1435","78504","Mcallen","TX","48215","Hidalgo"
"1436","78516","Alamo","TX","48215","Hidalgo"
"1437","78520","Brownsville","TX","48061","Cameron"
"1438","78521","Brownsville","TX","48061","Cameron"
"1439","78526","Brownsville","TX","48061","Cameron"
"1440","78535","Combes","TX","48061","Cameron"
"1441","78536","Delmita","TX","48427","Starr"
"1442","78537","Donna","TX","48215","Hidalgo"
"1443","78538","Edcouch","TX","48215","Hidalgo"
"1444","78539","Edinburg","TX","48215","Hidalgo"
"1445","78540","Edinburg","TX","48215","Hidalgo"
"1446","78541","Edinburg","TX","48215","Hidalgo"
"1447","78542","Edinburg","TX","48215","Hidalgo"
"1448","78543","Elsa","TX","48215","Hidalgo"
"1449","78545","Falcon Heights","TX","48505","Zapata"
"1450","78547","Garciasville","TX","48427","Starr"
"1451","78548","Grulla","TX","48427","Starr"
"1452","78549","Hargill","TX","48215","Hidalgo"
"1453","78550","Harlingen","TX","48061","Cameron"
"1454","78552","Harlingen","TX","48061","Cameron"
"1455","78557","Hidalgo","TX","48215","Hidalgo"
"1456","78558","La Blanca","TX","48215","Hidalgo"
"1457","78559","La Feria","TX","48061","Cameron"
"1458","78560","La Joya","TX","48215","Hidalgo"
"1459","78561","Lasara","TX","48489","Willacy"
"1460","78562","La Villa","TX","48215","Hidalgo"
"1461","78563","Linn","TX","48215","Hidalgo"
"1462","78564","Lopeno","TX","48505","Zapata"
"1463","78565","Los Ebanos","TX","48215","Hidalgo"
"1464","78566","Los Fresnos","TX","48061","Cameron"
"1465","78567","Los Indios","TX","48061","Cameron"
"1466","78569","Lyford","TX","48489","Willacy"
"1467","78570","Mercedes","TX","48215","Hidalgo"
"1468","78572","Mission","TX","48215","Hidalgo"
"1469","78573","Mission","TX","48215","Hidalgo"
"1470","78574","Mission","TX","48215","Hidalgo"
"1471","78575","Olmito","TX","48061","Cameron"
"1472","78576","Penitas","TX","48215","Hidalgo"
"1473","78577","Pharr","TX","48215","Hidalgo"
"1474","78578","Port Isabel","TX","48061","Cameron"
"1475","78579","Progreso","TX","48215","Hidalgo"
"1476","78580","Raymondville","TX","48489","Willacy"
"1477","78582","Rio Grande City","TX","48427","Starr"
"1478","78583","Rio Hondo","TX","48061","Cameron"
"1479","78584","Roma","TX","48427","Starr"
"1480","78585","Salineno","TX","48427","Starr"
"1481","78586","San Benito","TX","48061","Cameron"
"1482","78588","San Isidro","TX","48427","Starr"
"1483","78589","San Juan","TX","48215","Hidalgo"
"1484","78590","San Perlita","TX","48489","Willacy"
"1485","78591","Santa Elena","TX","48427","Starr"
"1486","78592","Santa Maria","TX","48061","Cameron"
"1487","78593","Santa Rosa","TX","48061","Cameron"
"1488","78594","Sebastian","TX","48489","Willacy"
"1489","78595","Sullivan City","TX","48215","Hidalgo"
"1490","78596","Weslaco","TX","48215","Hidalgo"
"1491","78597","South Padre Island","TX","48061","Cameron"
"1492","78598","Port Mansfield","TX","48489","Willacy"
"1493","78599","Weslaco","TX","48215","Hidalgo"
"1494","78602","Bastrop","TX","48021","Bastrop"
"1495","78605","Bertram","TX","48053","Burnet"
"1496","78606","Blanco","TX","48031","Blanco"
"1497","78607","Bluffton","TX","48299","Llano"
"1498","78608","Briggs","TX","48053","Burnet"
"1499","78609","Buchanan Dam","TX","48299","Llano"
"1500","78610","Buda","TX","48209","Hays"
"1501","78611","Burnet","TX","48053","Burnet"
"1502","78612","Cedar Creek","TX","48021","Bastrop"
"1503","78613","Cedar Park","TX","48491","Williamson"
"1504","78614","Cost","TX","48177","Gonzales"
"1505","78615","Coupland","TX","48491","Williamson"
"1506","78616","Dale","TX","48055","Caldwell"
"1507","78617","Del Valle","TX","48453","Travis"
"1508","78618","Doss","TX","48171","Gillespie"
"1509","78619","Driftwood","TX","48209","Hays"
"1510","78620","Dripping Springs","TX","48209","Hays"
"1511","78621","Elgin","TX","48021","Bastrop"
"1512","78622","Fentress","TX","48055","Caldwell"
"1513","78623","Fischer","TX","48091","Comal"
"1514","78624","Fredericksburg","TX","48171","Gillespie"
"1515","78626","Georgetown","TX","48491","Williamson"
"1516","78628","Georgetown","TX","48491","Williamson"
"1517","78629","Gonzales","TX","48177","Gonzales"
"1518","78631","Harper","TX","48267","Kimble"
"1519","78632","Harwood","TX","48177","Gonzales"
"1520","78633","Georgetown","TX","48491","Williamson"
"1521","78634","Hutto","TX","48491","Williamson"
"1522","78635","Hye","TX","48031","Blanco"
"1523","78636","Johnson City","TX","48031","Blanco"
"1524","78638","Kingsbury","TX","48187","Guadalupe"
"1525","78639","Kingsland","TX","48299","Llano"
"1526","78640","Kyle","TX","48209","Hays"
"1527","78641","Leander","TX","48453","Travis"
"1528","78642","Liberty Hill","TX","48491","Williamson"
"1529","78643","Llano","TX","48299","Llano"
"1530","78644","Lockhart","TX","48055","Caldwell"
"1531","78645","Leander","TX","48453","Travis"
"1532","78648","Luling","TX","48055","Caldwell"
"1533","78650","McDade","TX","48021","Bastrop"
"1534","78652","Manchaca","TX","48453","Travis"
"1535","78653","Manor","TX","48453","Travis"
"1536","78654","Marble Falls","TX","48053","Burnet"
"1537","78655","Martindale","TX","48055","Caldwell"
"1538","78656","Maxwell","TX","48055","Caldwell"
"1539","78657","Horseshoe Bay","TX","48299","Llano"
"1540","78658","Ottine","TX","48177","Gonzales"
"1541","78659","Paige","TX","48021","Bastrop"
"1542","78660","Pflugerville","TX","48453","Travis"
"1543","78661","Prairie Lea","TX","48055","Caldwell"
"1544","78662","Red Rock","TX","48021","Bastrop"
"1545","78663","Round Mountain","TX","48031","Blanco"
"1546","78664","Round Rock","TX","48491","Williamson"
"1547","78665","Round Rock","TX","48491","Williamson"
"1548","78666","San Marcos","TX","48209","Hays"
"1549","78669","Spicewood","TX","48453","Travis"
"1550","78670","Staples","TX","48187","Guadalupe"
"1551","78671","Stonewall","TX","48171","Gillespie"
"1552","78672","Tow","TX","48299","Llano"
"1553","78674","Weir","TX","48491","Williamson"
"1554","78675","Willow City","TX","48171","Gillespie"
"1555","78676","Wimberley","TX","48209","Hays"
"1556","78677","Wrightsboro","TX","48177","Gonzales"
"1557","78681","Round Rock","TX","48491","Williamson"
"1558","78701","Austin","TX","48453","Travis"
"1559","78702","Austin","TX","48453","Travis"
"1560","78703","Austin","TX","48453","Travis"
"1561","78704","Austin","TX","48453","Travis"
"1562","78705","Austin","TX","48453","Travis"
"1563","78712","Austin","TX","48453","Travis"
"1564","78717","Austin","TX","48491","Williamson"
"1565","78719","Austin","TX","48453","Travis"
"1566","78721","Austin","TX","48453","Travis"
"1567","78722","Austin","TX","48453","Travis"
"1568","78723","Austin","TX","48453","Travis"
"1569","78724","Austin","TX","48453","Travis"
"1570","78725","Austin","TX","48453","Travis"
"1571","78726","Austin","TX","48453","Travis"
"1572","78727","Austin","TX","48453","Travis"
"1573","78728","Austin","TX","48453","Travis"
"1574","78729","Austin","TX","48491","Williamson"
"1575","78730","Austin","TX","48453","Travis"
"1576","78731","Austin","TX","48453","Travis"
"1577","78732","Austin","TX","48453","Travis"
"1578","78733","Austin","TX","48453","Travis"
"1579","78734","Austin","TX","48453","Travis"
"1580","78735","Austin","TX","48453","Travis"
"1581","78736","Austin","TX","48453","Travis"
"1582","78737","Austin","TX","48209","Hays"
"1583","78738","Austin","TX","48453","Travis"
"1584","78739","Austin","TX","48453","Travis"
"1585","78741","Austin","TX","48453","Travis"
"1586","78742","Austin","TX","48453","Travis"
"1587","78744","Austin","TX","48453","Travis"
"1588","78745","Austin","TX","48453","Travis"
"1589","78746","Austin","TX","48453","Travis"
"1590","78747","Austin","TX","48453","Travis"
"1591","78748","Austin","TX","48453","Travis"
"1592","78749","Austin","TX","48453","Travis"
"1593","78750","Austin","TX","48453","Travis"
"1594","78751","Austin","TX","48453","Travis"
"1595","78752","Austin","TX","48453","Travis"
"1596","78753","Austin","TX","48453","Travis"
"1597","78754","Austin","TX","48453","Travis"
"1598","78756","Austin","TX","48453","Travis"
"1599","78757","Austin","TX","48453","Travis"
"1600","78758","Austin","TX","48453","Travis"
"1601","78759","Austin","TX","48453","Travis"
"1602","78801","Uvalde","TX","48463","Uvalde"
"1603","78802","Uvalde","TX","48463","Uvalde"
"1604","78827","Asherton","TX","48127","Dimmit"
"1605","78828","Barksdale","TX","48385","Real"
"1606","78829","Batesville","TX","48507","Zavala"
"1607","78830","Big Wells","TX","48127","Dimmit"
"1608","78832","Brackettville","TX","48271","Kinney"
"1609","78833","Camp Wood","TX","48385","Real"
"1610","78834","Carrizo Springs","TX","48127","Dimmit"
"1611","78836","Catarina","TX","48127","Dimmit"
"1612","78837","Comstock","TX","48465","Val Verde"
"1613","78838","Concan","TX","48463","Uvalde"
"1614","78839","Crystal City","TX","48507","Zavala"
"1615","78840","Del Rio","TX","48465","Val Verde"
"1616","78841","Del Rio","TX","48465","Val Verde"
"1617","78842","Del Rio","TX","48465","Val Verde"
"1618","78843","Laughlin Afb","TX","48465","Val Verde"
"1619","78850","D Hanis","TX","48325","Medina"
"1620","78851","Dryden","TX","48443","Terrell"
"1621","78852","Eagle Pass","TX","48323","Maverick"
"1622","78860","El Indio","TX","48323","Maverick"
"1623","78861","Hondo","TX","48325","Medina"
"1624","78870","Knippa","TX","48463","Uvalde"
"1625","78871","Langtry","TX","48465","Val Verde"
"1626","78872","La Pryor","TX","48507","Zavala"
"1627","78873","Leakey","TX","48385","Real"
"1628","78877","Quemado","TX","48323","Maverick"
"1629","78879","Rio Frio","TX","48385","Real"
"1630","78880","Rocksprings","TX","48137","Edwards"
"1631","78881","Sabinal","TX","48463","Uvalde"
"1632","78883","Tarpley","TX","48019","Bandera"
"1633","78884","Utopia","TX","48019","Bandera"
"1634","78885","Vanderpool","TX","48019","Bandera"
"1635","78886","Yancey","TX","48325","Medina"
"1636","78931","Bleiblerville","TX","48015","Austin"
"1637","78932","Carmine","TX","48477","Washington"
"1638","78933","Cat Spring","TX","48089","Colorado"
"1639","78934","Columbus","TX","48089","Colorado"
"1640","78935","Alleyton","TX","48089","Colorado"
"1641","78938","Ellinger","TX","48149","Fayette"
"1642","78940","Fayetteville","TX","48149","Fayette"
"1643","78941","Flatonia","TX","48149","Fayette"
"1644","78942","Giddings","TX","48287","Lee"
"1645","78943","Glidden","TX","48089","Colorado"
"1646","78944","Industry","TX","48015","Austin"
"1647","78945","La Grange","TX","48149","Fayette"
"1648","78946","Ledbetter","TX","48287","Lee"
"1649","78947","Lexington","TX","48287","Lee"
"1650","78948","Lincoln","TX","48287","Lee"
"1651","78949","Muldoon","TX","48149","Fayette"
"1652","78950","New Ulm","TX","48015","Austin"
"1653","78951","Oakland","TX","48089","Colorado"
"1654","78953","Rosanky","TX","48021","Bastrop"
"1655","78954","Round Top","TX","48149","Fayette"
"1656","78956","Schulenburg","TX","48149","Fayette"
"1657","78957","Smithville","TX","48021","Bastrop"
"1658","78959","Waelder","TX","48177","Gonzales"
"1659","78962","Weimar","TX","48089","Colorado"
"1660","78963","West Point","TX","48149","Fayette"
"1661","79001","Adrian","TX","48359","Oldham"
"1662","79002","Alanreed","TX","48179","Gray"
"1663","79003","Allison","TX","48211","Hemphill"
"1664","79005","Booker","TX","48295","Lipscomb"
"1665","79007","Borger","TX","48233","Hutchinson"
"1666","79008","Borger","TX","48233","Hutchinson"
"1667","79009","Bovina","TX","48369","Parmer"
"1668","79010","Boys Ranch","TX","48375","Potter"
"1669","79011","Briscoe","TX","48483","Wheeler"
"1670","79012","Bushland","TX","48381","Randall"
"1671","79013","Cactus","TX","48341","Moore"
"1672","79014","Canadian","TX","48211","Hemphill"
"1673","79015","Canyon","TX","48381","Randall"
"1674","79016","Canyon","TX","48381","Randall"
"1675","79018","Channing","TX","48205","Hartley"
"1676","79019","Claude","TX","48011","Armstrong"
"1677","79021","Cotton Center","TX","48189","Hale"
"1678","79022","Dalhart","TX","48111","Dallam"
"1679","79024","Darrouzett","TX","48295","Lipscomb"
"1680","79025","Dawn","TX","48117","Deaf Smith"
"1681","79027","Dimmitt","TX","48069","Castro"
"1682","79029","Dumas","TX","48341","Moore"
"1683","79031","Earth","TX","48279","Lamb"
"1684","79032","Edmonson","TX","48189","Hale"
"1685","79033","Farnsworth","TX","48357","Ochiltree"
"1686","79034","Follett","TX","48295","Lipscomb"
"1687","79035","Friona","TX","48369","Parmer"
"1688","79036","Fritch","TX","48065","Carson"
"1689","79039","Groom","TX","48065","Carson"
"1690","79040","Gruver","TX","48195","Hansford"
"1691","79041","Hale Center","TX","48189","Hale"
"1692","79042","Happy","TX","48381","Randall"
"1693","79043","Hart","TX","48069","Castro"
"1694","79044","Hartley","TX","48205","Hartley"
"1695","79045","Hereford","TX","48117","Deaf Smith"
"1696","79046","Higgins","TX","48295","Lipscomb"
"1697","79051","Kerrick","TX","48111","Dallam"
"1698","79052","Kress","TX","48437","Swisher"
"1699","79053","Lazbuddie","TX","48369","Parmer"
"1700","79054","Lefors","TX","48179","Gray"
"1701","79056","Lipscomb","TX","48295","Lipscomb"
"1702","79057","Mclean","TX","48179","Gray"
"1703","79058","Masterson","TX","48375","Potter"
"1704","79059","Miami","TX","48393","Roberts"
"1705","79061","Mobeetie","TX","48483","Wheeler"
"1706","79062","Morse","TX","48233","Hutchinson"
"1707","79063","Nazareth","TX","48069","Castro"
"1708","79064","Olton","TX","48279","Lamb"
"1709","79065","Pampa","TX","48179","Gray"
"1710","79066","Pampa","TX","48179","Gray"
"1711","79068","Panhandle","TX","48065","Carson"
"1712","79070","Perryton","TX","48357","Ochiltree"
"1713","79072","Plainview","TX","48189","Hale"
"1714","79073","Plainview","TX","48189","Hale"
"1715","79078","Sanford","TX","48233","Hutchinson"
"1716","79079","Shamrock","TX","48483","Wheeler"
"1717","79080","Skellytown","TX","48233","Hutchinson"
"1718","79081","Spearman","TX","48195","Hansford"
"1719","79082","Springlake","TX","48279","Lamb"
"1720","79083","Stinnett","TX","48233","Hutchinson"
"1721","79084","Stratford","TX","48421","Sherman"
"1722","79085","Summerfield","TX","48069","Castro"
"1723","79086","Sunray","TX","48421","Sherman"
"1724","79087","Texline","TX","48111","Dallam"
"1725","79088","Tulia","TX","48437","Swisher"
"1726","79091","Umbarger","TX","48381","Randall"
"1727","79092","Vega","TX","48359","Oldham"
"1728","79093","Waka","TX","48357","Ochiltree"
"1729","79094","Wayside","TX","48011","Armstrong"
"1730","79095","Wellington","TX","48087","Collingsworth"
"1731","79096","Wheeler","TX","48483","Wheeler"
"1732","79097","White Deer","TX","48065","Carson"
"1733","79098","Wildorado","TX","48117","Deaf Smith"
"1734","79101","Amarillo","TX","48375","Potter"
"1735","79102","Amarillo","TX","48375","Potter"
"1736","79103","Amarillo","TX","48375","Potter"
"1737","79104","Amarillo","TX","48375","Potter"
"1738","79106","Amarillo","TX","48375","Potter"
"1739","79107","Amarillo","TX","48375","Potter"
"1740","79108","Amarillo","TX","48375","Potter"
"1741","79109","Amarillo","TX","48381","Randall"
"1742","79110","Amarillo","TX","48381","Randall"
"1743","79111","Amarillo","TX","48375","Potter"
"1744","79118","Amarillo","TX","48381","Randall"
"1745","79119","Amarillo","TX","48381","Randall"
"1746","79121","Amarillo","TX","48381","Randall"
"1747","79124","Amarillo","TX","48375","Potter"
"1748","79201","Childress","TX","48075","Childress"
"1749","79220","Afton","TX","48125","Dickens"
"1750","79223","Cee Vee","TX","48101","Cottle"
"1751","79225","Chillicothe","TX","48197","Hardeman"
"1752","79226","Clarendon","TX","48129","Donley"
"1753","79227","Crowell","TX","48155","Foard"
"1754","79229","Dickens","TX","48125","Dickens"
"1755","79230","Dodson","TX","48075","Childress"
"1756","79231","Dougherty","TX","48153","Floyd"
"1757","79233","Estelline","TX","48191","Hall"
"1758","79234","Flomot","TX","48345","Motley"
"1759","79235","Floydada","TX","48153","Floyd"
"1760","79236","Guthrie","TX","48269","King"
"1761","79237","Hedley","TX","48129","Donley"
"1762","79239","Lakeview","TX","48191","Hall"
"1763","79240","Lelia Lake","TX","48129","Donley"
"1764","79241","Lockney","TX","48153","Floyd"
"1765","79243","Mcadoo","TX","48125","Dickens"
"1766","79244","Matador","TX","48345","Motley"
"1767","79245","Memphis","TX","48191","Hall"
"1768","79247","Odell","TX","48487","Wilbarger"
"1769","79248","Paducah","TX","48101","Cottle"
"1770","79250","Petersburg","TX","48189","Hale"
"1771","79251","Quail","TX","48087","Collingsworth"
"1772","79252","Quanah","TX","48197","Hardeman"
"1773","79255","Quitaque","TX","48045","Briscoe"
"1774","79256","Roaring Springs","TX","48345","Motley"
"1775","79257","Silverton","TX","48045","Briscoe"
"1776","79258","South Plains","TX","48153","Floyd"
"1777","79259","Tell","TX","48191","Hall"
"1778","79261","Turkey","TX","48191","Hall"
"1779","79311","Abernathy","TX","48189","Hale"
"1780","79312","Amherst","TX","48279","Lamb"
"1781","79313","Anton","TX","48219","Hockley"
"1782","79314","Bledsoe","TX","48079","Cochran"
"1783","79316","Brownfield","TX","48445","Terry"
"1784","79322","Crosbyton","TX","48107","Crosby"
"1785","79323","Denver City","TX","48165","Gaines"
"1786","79324","Enochs","TX","48017","Bailey"
"1787","79325","Farwell","TX","48369","Parmer"
"1788","79326","Fieldton","TX","48279","Lamb"
"1789","79329","Idalou","TX","48303","Lubbock"
"1790","79330","Justiceburg","TX","48169","Garza"
"1791","79331","Lamesa","TX","48115","Dawson"
"1792","79336","Levelland","TX","48219","Hockley"
"1793","79339","Littlefield","TX","48279","Lamb"
"1794","79342","Loop","TX","48165","Gaines"
"1795","79343","Lorenzo","TX","48107","Crosby"
"1796","79344","Maple","TX","48017","Bailey"
"1797","79345","Meadow","TX","48445","Terry"
"1798","79346","Morton","TX","48079","Cochran"
"1799","79347","Muleshoe","TX","48017","Bailey"
"1800","79350","New Deal","TX","48303","Lubbock"
"1801","79351","Odonnell","TX","48115","Dawson"
"1802","79353","Pep","TX","48219","Hockley"
"1803","79355","Plains","TX","48501","Yoakum"
"1804","79356","Post","TX","48169","Garza"
"1805","79357","Ralls","TX","48107","Crosby"
"1806","79358","Ropesville","TX","48219","Hockley"
"1807","79359","Seagraves","TX","48165","Gaines"
"1808","79360","Seminole","TX","48165","Gaines"
"1809","79363","Shallowater","TX","48303","Lubbock"
"1810","79364","Slaton","TX","48303","Lubbock"
"1811","79366","Ransom Canyon","TX","48303","Lubbock"
"1812","79367","Smyer","TX","48219","Hockley"
"1813","79369","Spade","TX","48279","Lamb"
"1814","79370","Spur","TX","48125","Dickens"
"1815","79371","Sudan","TX","48017","Bailey"
"1816","79372","Sundown","TX","48219","Hockley"
"1817","79373","Tahoka","TX","48305","Lynn"
"1818","79376","Tokio","TX","48501","Yoakum"
"1819","79377","Welch","TX","48115","Dawson"
"1820","79378","Wellman","TX","48445","Terry"
"1821","79379","Whiteface","TX","48079","Cochran"
"1822","79380","Whitharral","TX","48219","Hockley"
"1823","79381","Wilson","TX","48305","Lynn"
"1824","79382","Wolfforth","TX","48303","Lubbock"
"1825","79383","New Home","TX","48305","Lynn"
"1826","79401","Lubbock","TX","48303","Lubbock"
"1827","79402","Lubbock","TX","48303","Lubbock"
"1828","79403","Lubbock","TX","48303","Lubbock"
"1829","79404","Lubbock","TX","48303","Lubbock"
"1830","79406","Lubbock","TX","48303","Lubbock"
"1831","79407","Lubbock","TX","48219","Hockley"
"1832","79410","Lubbock","TX","48303","Lubbock"
"1833","79411","Lubbock","TX","48303","Lubbock"
"1834","79412","Lubbock","TX","48303","Lubbock"
"1835","79413","Lubbock","TX","48303","Lubbock"
"1836","79414","Lubbock","TX","48303","Lubbock"
"1837","79415","Lubbock","TX","48303","Lubbock"
"1838","79416","Lubbock","TX","48303","Lubbock"
"1839","79423","Lubbock","TX","48303","Lubbock"
"1840","79424","Lubbock","TX","48303","Lubbock"
"1841","79501","Anson","TX","48253","Jones"
"1842","79502","Aspermont","TX","48433","Stonewall"
"1843","79503","Avoca","TX","48253","Jones"
"1844","79504","Baird","TX","48059","Callahan"
"1845","79505","Benjamin","TX","48275","Knox"
"1846","79506","Blackwell","TX","48353","Nolan"
"1847","79508","Buffalo Gap","TX","48441","Taylor"
"1848","79510","Clyde","TX","48059","Callahan"
"1849","79511","Coahoma","TX","48227","Howard"
"1850","79512","Colorado City","TX","48335","Mitchell"
"1851","79517","Fluvanna","TX","48033","Borden"
"1852","79518","Girard","TX","48263","Kent"
"1853","79519","Goldsboro","TX","48083","Coleman"
"1854","79520","Hamlin","TX","48253","Jones"
"1855","79521","Haskell","TX","48207","Haskell"
"1856","79525","Hawley","TX","48253","Jones"
"1857","79526","Hermleigh","TX","48415","Scurry"
"1858","79527","Ira","TX","48415","Scurry"
"1859","79528","Jayton","TX","48263","Kent"
"1860","79529","Knox City","TX","48275","Knox"
"1861","79530","Lawn","TX","48441","Taylor"
"1862","79532","Loraine","TX","48335","Mitchell"
"1863","79533","Lueders","TX","48417","Shackelford"
"1864","79534","McCaulley","TX","48151","Fisher"
"1865","79535","Maryneal","TX","48353","Nolan"
"1866","79536","Merkel","TX","48441","Taylor"
"1867","79537","Nolan","TX","48353","Nolan"
"1868","79538","Novice","TX","48083","Coleman"
"1869","79539","O'Brien","TX","48207","Haskell"
"1870","79540","Old Glory","TX","48433","Stonewall"
"1871","79541","Ovalo","TX","48441","Taylor"
"1872","79543","Roby","TX","48151","Fisher"
"1873","79544","Rochester","TX","48207","Haskell"
"1874","79545","Roscoe","TX","48353","Nolan"
"1875","79546","Rotan","TX","48151","Fisher"
"1876","79547","Rule","TX","48207","Haskell"
"1877","79548","Rule","TX","48207","Haskell"
"1878","79549","Snyder","TX","48415","Scurry"
"1879","79553","Stamford","TX","48253","Jones"
"1880","79556","Sweetwater","TX","48353","Nolan"
"1881","79560","Sylvester","TX","48151","Fisher"
"1882","79561","Trent","TX","48353","Nolan"
"1883","79562","Tuscola","TX","48441","Taylor"
"1884","79563","Tye","TX","48441","Taylor"
"1885","79565","Westbrook","TX","48335","Mitchell"
"1886","79566","Wingate","TX","48441","Taylor"
"1887","79567","Winters","TX","48399","Runnels"
"1888","79601","Abilene","TX","48253","Jones"
"1889","79602","Abilene","TX","48441","Taylor"
"1890","79603","Abilene","TX","48441","Taylor"
"1891","79605","Abilene","TX","48441","Taylor"
"1892","79606","Abilene","TX","48441","Taylor"
"1893","79607","Dyess Afb","TX","48441","Taylor"
"1894","79699","Abilene","TX","48441","Taylor"
"1895","79701","Midland","TX","48329","Midland"
"1896","79703","Midland","TX","48329","Midland"
"1897","79705","Midland","TX","48317","Martin"
"1898","79706","Midland","TX","48329","Midland"
"1899","79707","Midland","TX","48329","Midland"
"1900","79713","Ackerly","TX","48317","Martin"
"1901","79714","Andrews","TX","48003","Andrews"
"1902","79718","Balmorhea","TX","48389","Reeves"
"1903","79719","Barstow","TX","48475","Ward"
"1904","79720","Big Spring","TX","48227","Howard"
"1905","79721","Big Spring","TX","48227","Howard"
"1906","79730","Coyanosa","TX","48371","Pecos"
"1907","79731","Crane","TX","48103","Crane"
"1908","79733","Forsan","TX","48227","Howard"
"1909","79734","Fort Davis","TX","48243","Jeff Davis"
"1910","79735","Fort Stockton","TX","48371","Pecos"
"1911","79738","Gail","TX","48033","Borden"
"1912","79739","Garden City","TX","48173","Glasscock"
"1913","79741","Goldsmith","TX","48135","Ector"
"1914","79742","Grandfalls","TX","48475","Ward"
"1915","79743","Imperial","TX","48371","Pecos"
"1916","79744","Iraan","TX","48105","Crockett"
"1917","79745","Kermit","TX","48495","Winkler"
"1918","79748","Knott","TX","48227","Howard"
"1919","79749","Lenorah","TX","48317","Martin"
"1920","79752","McCamey","TX","48461","Upton"
"1921","79754","Mentone","TX","48301","Loving"
"1922","79755","Midkiff","TX","48461","Upton"
"1923","79756","Monahans","TX","48475","Ward"
"1924","79758","Gardendale","TX","48135","Ector"
"1925","79759","Notrees","TX","48135","Ector"
"1926","79761","Odessa","TX","48135","Ector"
"1927","79762","Odessa","TX","48135","Ector"
"1928","79763","Odessa","TX","48135","Ector"
"1929","79764","Odessa","TX","48135","Ector"
"1930","79765","Odessa","TX","48329","Midland"
"1931","79766","Odessa","TX","48135","Ector"
"1932","79769","Odessa","TX","48135","Ector"
"1933","79770","Orla","TX","48389","Reeves"
"1934","79772","Pecos","TX","48389","Reeves"
"1935","79776","Penwell","TX","48135","Ector"
"1936","79777","Pyote","TX","48475","Ward"
"1937","79778","Rankin","TX","48461","Upton"
"1938","79780","Saragosa","TX","48389","Reeves"
"1939","79781","Sheffield","TX","48443","Terrell"
"1940","79782","Stanton","TX","48317","Martin"
"1941","79783","Tarzan","TX","48317","Martin"
"1942","79785","Toyah","TX","48389","Reeves"
"1943","79788","Wickett","TX","48475","Ward"
"1944","79789","Wink","TX","48495","Winkler"
"1945","79821","Anthony","TX","48141","El Paso"
"1946","79830","Alpine","TX","48043","Brewster"
"1947","79832","Alpine","TX","48043","Brewster"
"1948","79834","Big Bend National Park","TX","48043","Brewster"
"1949","79835","Canutillo","TX","48141","El Paso"
"1950","79836","Clint","TX","48141","El Paso"
"1951","79837","Dell City","TX","35035","Otero"
"1952","79838","Fabens","TX","48141","El Paso"
"1953","79839","Fort Hancock","TX","48229","Hudspeth"
"1954","79842","Marathon","TX","48043","Brewster"
"1955","79843","Marfa","TX","48377","Presidio"
"1956","79845","Presidio","TX","48377","Presidio"
"1957","79846","Redford","TX","48377","Presidio"
"1958","79847","Salt Flat","TX","48109","Culberson"
"1959","79848","Sanderson","TX","48443","Terrell"
"1960","79849","San Elizario","TX","48141","El Paso"
"1961","79851","Sierra Blanca","TX","48229","Hudspeth"
"1962","79852","Terlingua","TX","48043","Brewster"
"1963","79853","Tornillo","TX","48141","El Paso"
"1964","79854","Valentine","TX","48243","Jeff Davis"
"1965","79855","Van Horn","TX","48109","Culberson"
"1966","79901","El Paso","TX","48141","El Paso"
"1967","79902","El Paso","TX","48141","El Paso"
"1968","79903","El Paso","TX","48141","El Paso"
"1969","79904","El Paso","TX","48141","El Paso"
"1970","79905","El Paso","TX","48141","El Paso"
"1971","79906","El Paso","TX","48141","El Paso"
"1972","79907","El Paso","TX","48141","El Paso"
"1973","79908","El Paso","TX","48141","El Paso"
"1974","79911","El Paso","TX","48141","El Paso"
"1975","79912","El Paso","TX","48141","El Paso"
"1976","79915","El Paso","TX","48141","El Paso"
"1977","79916","Fort Bliss","TX","48141","El Paso"
"1978","79918","Fort Bliss","TX","48141","El Paso"
"1979","79920","El Paso","TX","48141","El Paso"
"1980","79922","El Paso","TX","48141","El Paso"
"1981","79924","El Paso","TX","48141","El Paso"
"1982","79925","El Paso","TX","48141","El Paso"
"1983","79927","El Paso","TX","48141","El Paso"
"1984","79928","El Paso","TX","48141","El Paso"
"1985","79930","El Paso","TX","48141","El Paso"
"1986","79932","El Paso","TX","48141","El Paso"
"1987","79934","El Paso","TX","48141","El Paso"
"1988","79935","El Paso","TX","48141","El Paso"
"1989","79936","El Paso","TX","48141","El Paso"
"1990","79938","El Paso","TX","48141","El Paso"
